STATE,CONTAMINANT,MEDIAN_PPT,MAX_PPT,N_SAMPLES,PCT_DETECTED,PCT_CENSORED
01,11Cl-PF3OUDS,0.0,0.0,8,0.0,100.0
01,4:2 FTS,0.0,0.0,8,0.0,100.0
01,6:2 FTS,0.0,0.0,8,0.0,100.0
01,8:2 FTS,0.0,0.0,8,0.0,100.0
01,9Cl-PF3ONS,0.0,0.0,8,0.0,100.0
01,ADONA,0.0,0.0,8,0.0,100.0
01,HFPO-DA,0.0,0.0,8,0.0,100.0
01,NETFOSAA,0.0,0.0,8,0.0,100.0
01,NFDHA,0.0,0.0,8,0.0,100.0
01,NMEFOSAA,0.0,0.0,8,0.0,100.0
01,PFBA,0.0,6.5,8,37.5,62.5
01,PFBS,0.0,3.6,8,37.5,62.5
01,PFDA,0.0,0.0,8,0.0,100.0
01,PFDoA,0.0,0.0,8,0.0,100.0
01,PFEESA,0.0,0.0,8,0.0,100.0
01,PFHpA,0.0,3.6,8,37.5,62.5
01,PFHpS,0.0,0.0,8,0.0,100.0
01,PFHxA,0.0,9.9,8,37.5,62.5
01,PFHxS,0.0,0.0,8,0.0,100.0
01,PFMBA,0.0,0.0,8,0.0,100.0
01,PFMPA,0.0,0.0,8,0.0,100.0
01,PFNA,0.0,0.0,8,0.0,100.0
01,PFOA,0.0,7.4,8,37.5,62.5
01,PFOS,0.0,0.0,8,0.0,100.0
01,PFPeA,1.8,19.099999999999998,8,50.0,50.0
01,PFPeS,0.0,0.0,8,0.0,100.0
01,PFTA,0.0,0.0,8,0.0,100.0
01,PFTrDA,0.0,0.0,8,0.0,100.0
01,PFUnA,0.0,0.0,8,0.0,100.0
02,11Cl-PF3OUDS,0.0,0.0,9,0.0,100.0
02,4:2 FTS,0.0,0.0,9,0.0,100.0
02,6:2 FTS,0.0,0.0,9,0.0,100.0
02,8:2 FTS,0.0,0.0,9,0.0,100.0
02,9Cl-PF3ONS,0.0,0.0,9,0.0,100.0
02,ADONA,0.0,0.0,9,0.0,100.0
02,HFPO-DA,0.0,0.0,9,0.0,100.0
02,NETFOSAA,0.0,0.0,9,0.0,100.0
02,NFDHA,0.0,0.0,9,0.0,100.0
02,NMEFOSAA,0.0,0.0,9,0.0,100.0
02,PFBA,0.0,0.0,9,0.0,100.0
02,PFBS,0.0,0.0,9,0.0,100.0
02,PFDA,0.0,0.0,9,0.0,100.0
02,PFDoA,0.0,0.0,9,0.0,100.0
02,PFEESA,0.0,0.0,9,0.0,100.0
02,PFHpA,0.0,0.0,9,0.0,100.0
02,PFHpS,0.0,0.0,9,0.0,100.0
02,PFHxA,0.0,0.0,9,0.0,100.0
02,PFHxS,0.0,0.0,9,0.0,100.0
02,PFMBA,0.0,0.0,9,0.0,100.0
02,PFMPA,0.0,0.0,9,0.0,100.0
02,PFNA,0.0,0.0,9,0.0,100.0
02,PFOA,0.0,0.0,9,0.0,100.0
02,PFOS,0.0,0.0,9,0.0,100.0
02,PFPeA,0.0,0.0,9,0.0,100.0
02,PFPeS,0.0,0.0,9,0.0,100.0
02,PFTA,0.0,0.0,9,0.0,100.0
02,PFTrDA,0.0,0.0,9,0.0,100.0
02,PFUnA,0.0,0.0,9,0.0,100.0
04,11Cl-PF3OUDS,0.0,0.0,8,0.0,100.0
04,4:2 FTS,0.0,0.0,8,0.0,100.0
04,6:2 FTS,0.0,0.0,8,0.0,100.0
04,8:2 FTS,0.0,0.0,8,0.0,100.0
04,9Cl-PF3ONS,0.0,0.0,8,0.0,100.0
04,ADONA,0.0,0.0,8,0.0,100.0
04,HFPO-DA,0.0,0.0,8,0.0,100.0
04,NETFOSAA,0.0,0.0,8,0.0,100.0
04,NFDHA,0.0,0.0,8,0.0,100.0
04,NMEFOSAA,0.0,0.0,8,0.0,100.0
04,PFBA,0.0,0.0,8,0.0,100.0
04,PFBS,0.0,0.0,8,0.0,100.0
04,PFDA,0.0,0.0,8,0.0,100.0
04,PFDoA,0.0,0.0,8,0.0,100.0
04,PFEESA,0.0,0.0,8,0.0,100.0
04,PFHpA,0.0,0.0,8,0.0,100.0
04,PFHpS,0.0,0.0,8,0.0,100.0
04,PFHxA,0.0,0.0,8,0.0,100.0
04,PFHxS,0.0,0.0,8,0.0,100.0
04,PFMBA,0.0,0.0,8,0.0,100.0
04,PFMPA,0.0,0.0,8,0.0,100.0
04,PFNA,0.0,0.0,8,0.0,100.0
04,PFOA,0.0,0.0,8,0.0,100.0
04,PFOS,0.0,0.0,8,0.0,100.0
04,PFPeA,0.0,0.0,8,0.0,100.0
04,PFPeS,0.0,0.0,8,0.0,100.0
04,PFTA,0.0,0.0,8,0.0,100.0
04,PFTrDA,0.0,0.0,8,0.0,100.0
04,PFUnA,0.0,0.0,8,0.0,100.0
05,11Cl-PF3OUDS,0.0,0.0,26,0.0,100.0
05,4:2 FTS,0.0,0.0,26,0.0,100.0
05,6:2 FTS,0.0,0.0,26,0.0,100.0
05,8:2 FTS,0.0,0.0,26,0.0,100.0
05,9Cl-PF3ONS,0.0,0.0,26,0.0,100.0
05,ADONA,0.0,0.0,26,0.0,100.0
05,HFPO-DA,0.0,0.0,26,0.0,100.0
05,NETFOSAA,0.0,0.0,28,0.0,100.0
05,NFDHA,0.0,0.0,26,0.0,100.0
05,NMEFOSAA,0.0,0.0,28,0.0,100.0
05,PFBA,0.0,0.0,26,0.0,100.0
05,PFBS,0.0,8.200000000000001,26,3.8461538461538463,96.15384615384616
05,PFDA,0.0,0.0,26,0.0,100.0
05,PFDoA,0.0,0.0,26,0.0,100.0
05,PFEESA,0.0,0.0,26,0.0,100.0
05,PFHpA,0.0,0.0,26,0.0,100.0
05,PFHpS,0.0,0.0,26,0.0,100.0
05,PFHxA,0.0,0.0,26,0.0,100.0
05,PFHxS,0.0,0.0,26,0.0,100.0
05,PFMBA,0.0,0.0,26,0.0,100.0
05,PFMPA,0.0,0.0,26,0.0,100.0
05,PFNA,0.0,0.0,26,0.0,100.0
05,PFOA,0.0,0.0,26,0.0,100.0
05,PFOS,0.0,0.0,26,0.0,100.0
05,PFPeA,0.0,0.0,26,0.0,100.0
05,PFPeS,0.0,0.0,26,0.0,100.0
05,PFTA,0.0,0.0,28,0.0,100.0
05,PFTrDA,0.0,0.0,28,0.0,100.0
05,PFUnA,0.0,0.0,26,0.0,100.0
06,11Cl-PF3OUDS,0.0,0.0,56,0.0,100.0
06,4:2 FTS,0.0,0.0,56,0.0,100.0
06,6:2 FTS,0.0,0.0,56,0.0,100.0
06,8:2 FTS,0.0,0.0,56,0.0,100.0
06,9Cl-PF3ONS,0.0,0.0,56,0.0,100.0
06,ADONA,0.0,0.0,56,0.0,100.0
06,HFPO-DA,0.0,0.0,56,0.0,100.0
06,NETFOSAA,0.0,0.0,57,0.0,100.0
06,NFDHA,0.0,0.0,56,0.0,100.0
06,NMEFOSAA,0.0,0.0,57,0.0,100.0
06,PFBA,0.0,6.6,56,1.7857142857142856,98.21428571428571
06,PFBS,0.0,0.0,56,0.0,100.0
06,PFDA,0.0,0.0,56,0.0,100.0
06,PFDoA,0.0,0.0,56,0.0,100.0
06,PFEESA,0.0,0.0,56,0.0,100.0
06,PFHpA,0.0,0.0,56,0.0,100.0
06,PFHpS,0.0,0.0,56,0.0,100.0
06,PFHxA,0.0,0.0,56,0.0,100.0
06,PFHxS,0.0,3.3,56,1.7857142857142856,98.21428571428571
06,PFMBA,0.0,0.0,56,0.0,100.0
06,PFMPA,0.0,0.0,56,0.0,100.0
06,PFNA,0.0,0.0,56,0.0,100.0
06,PFOA,0.0,0.0,56,0.0,100.0
06,PFOS,0.0,4.1000000000000005,56,1.7857142857142856,98.21428571428571
06,PFPeA,0.0,0.0,56,0.0,100.0
06,PFPeS,0.0,0.0,56,0.0,100.0
06,PFTA,0.0,0.0,57,0.0,100.0
06,PFTrDA,0.0,0.0,57,0.0,100.0
06,PFUnA,0.0,0.0,56,0.0,100.0
07,11Cl-PF3OUDS,0.0,0.0,1,0.0,100.0
07,4:2 FTS,0.0,0.0,1,0.0,100.0
07,6:2 FTS,0.0,0.0,1,0.0,100.0
07,8:2 FTS,0.0,0.0,1,0.0,100.0
07,9Cl-PF3ONS,0.0,0.0,1,0.0,100.0
07,ADONA,0.0,0.0,1,0.0,100.0
07,HFPO-DA,0.0,0.0,1,0.0,100.0
07,NETFOSAA,0.0,0.0,1,0.0,100.0
07,NFDHA,0.0,0.0,1,0.0,100.0
07,NMEFOSAA,0.0,0.0,1,0.0,100.0
07,PFBA,0.0,0.0,1,0.0,100.0
07,PFBS,0.0,0.0,1,0.0,100.0
07,PFDA,0.0,0.0,1,0.0,100.0
07,PFDoA,0.0,0.0,1,0.0,100.0
07,PFEESA,0.0,0.0,1,0.0,100.0
07,PFHpA,0.0,0.0,1,0.0,100.0
07,PFHpS,0.0,0.0,1,0.0,100.0
07,PFHxA,0.0,0.0,1,0.0,100.0
07,PFHxS,0.0,0.0,1,0.0,100.0
07,PFMBA,0.0,0.0,1,0.0,100.0
07,PFMPA,0.0,0.0,1,0.0,100.0
07,PFNA,0.0,0.0,1,0.0,100.0
07,PFOA,0.0,0.0,1,0.0,100.0
07,PFOS,0.0,0.0,1,0.0,100.0
07,PFPeA,0.0,0.0,1,0.0,100.0
07,PFPeS,0.0,0.0,1,0.0,100.0
07,PFTA,0.0,0.0,1,0.0,100.0
07,PFTrDA,0.0,0.0,1,0.0,100.0
07,PFUnA,0.0,0.0,1,0.0,100.0
08,11Cl-PF3OUDS,0.0,0.0,46,0.0,100.0
08,4:2 FTS,0.0,0.0,46,0.0,100.0
08,6:2 FTS,0.0,0.0,46,0.0,100.0
08,8:2 FTS,0.0,0.0,46,0.0,100.0
08,9Cl-PF3ONS,0.0,0.0,46,0.0,100.0
08,ADONA,0.0,0.0,46,0.0,100.0
08,HFPO-DA,0.0,0.0,46,0.0,100.0
08,NETFOSAA,0.0,0.0,46,0.0,100.0
08,NFDHA,0.0,0.0,46,0.0,100.0
08,NMEFOSAA,0.0,0.0,46,0.0,100.0
08,PFBA,0.0,0.0,46,0.0,100.0
08,PFBS,0.0,0.0,46,0.0,100.0
08,PFDA,0.0,0.0,46,0.0,100.0
08,PFDoA,0.0,0.0,46,0.0,100.0
08,PFEESA,0.0,0.0,46,0.0,100.0
08,PFHpA,0.0,0.0,46,0.0,100.0
08,PFHpS,0.0,0.0,46,0.0,100.0
08,PFHxA,0.0,0.0,46,0.0,100.0
08,PFHxS,0.0,0.0,46,0.0,100.0
08,PFMBA,0.0,0.0,46,0.0,100.0
08,PFMPA,0.0,0.0,46,0.0,100.0
08,PFNA,0.0,0.0,46,0.0,100.0
08,PFOA,0.0,9.299999999999999,46,2.1739130434782608,97.82608695652173
08,PFOS,0.0,0.0,46,0.0,100.0
08,PFPeA,0.0,0.0,46,0.0,100.0
08,PFPeS,0.0,0.0,46,0.0,100.0
08,PFTA,0.0,0.0,46,0.0,100.0
08,PFTrDA,0.0,0.0,46,0.0,100.0
08,PFUnA,0.0,0.0,46,0.0,100.0
09,11Cl-PF3OUDS,0.0,0.0,148,0.0,100.0
09,4:2 FTS,0.0,0.0,148,0.0,100.0
09,6:2 FTS,0.0,0.0,148,0.0,100.0
09,8:2 FTS,0.0,0.0,148,0.0,100.0
09,9Cl-PF3ONS,0.0,0.0,148,0.0,100.0
09,ADONA,0.0,0.0,148,0.0,100.0
09,HFPO-DA,0.0,0.0,148,0.0,100.0
09,NETFOSAA,0.0,0.0,149,0.0,100.0
09,NFDHA,0.0,0.0,148,0.0,100.0
09,NMEFOSAA,0.0,0.0,149,0.0,100.0
09,PFBA,0.0,0.0,148,0.0,100.0
09,PFBS,0.0,53.8,148,13.513513513513514,86.48648648648648
09,PFDA,0.0,0.0,148,0.0,100.0
09,PFDoA,0.0,0.0,148,0.0,100.0
09,PFEESA,0.0,0.0,148,0.0,100.0
09,PFHpA,0.0,0.0,148,0.0,100.0
09,PFHpS,0.0,0.0,148,0.0,100.0
09,PFHxA,0.0,7.2,148,5.405405405405405,94.5945945945946
09,PFHxS,0.0,0.0,148,0.0,100.0
09,PFMBA,0.0,0.0,148,0.0,100.0
09,PFMPA,0.0,0.0,148,0.0,100.0
09,PFNA,0.0,0.0,148,0.0,100.0
09,PFOA,0.0,6.1000000000000005,148,2.7027027027027026,97.29729729729729
09,PFOS,0.0,8.9,148,0.6756756756756757,99.32432432432432
09,PFPeA,0.0,23.0,148,6.756756756756757,93.24324324324324
09,PFPeS,0.0,0.0,148,0.0,100.0
09,PFTA,0.0,0.0,149,0.0,100.0
09,PFTrDA,0.0,0.0,149,0.0,100.0
09,PFUnA,0.0,0.0,148,0.0,100.0
10,11Cl-PF3OUDS,0.0,0.0,42,0.0,100.0
10,4:2 FTS,0.0,0.0,42,0.0,100.0
10,6:2 FTS,0.0,0.0,42,0.0,100.0
10,8:2 FTS,0.0,0.0,42,0.0,100.0
10,9Cl-PF3ONS,0.0,0.0,42,0.0,100.0
10,ADONA,0.0,0.0,42,0.0,100.0
10,HFPO-DA,0.0,0.0,42,0.0,100.0
10,NETFOSAA,0.0,0.0,37,0.0,100.0
10,NFDHA,0.0,0.0,42,0.0,100.0
10,NMEFOSAA,0.0,0.0,37,0.0,100.0
10,PFBA,0.0,0.0,42,0.0,100.0
10,PFBS,0.0,0.0,42,0.0,100.0
10,PFDA,0.0,0.0,42,0.0,100.0
10,PFDoA,0.0,0.0,42,0.0,100.0
10,PFEESA,0.0,0.0,42,0.0,100.0
10,PFHpA,0.0,0.0,42,0.0,100.0
10,PFHpS,0.0,0.0,42,0.0,100.0
10,PFHxA,0.0,0.0,42,0.0,100.0
10,PFHxS,0.0,0.0,42,0.0,100.0
10,PFMBA,0.0,0.0,42,0.0,100.0
10,PFMPA,0.0,0.0,42,0.0,100.0
10,PFNA,0.0,0.0,42,0.0,100.0
10,PFOA,0.0,0.0,42,0.0,100.0
10,PFOS,0.0,0.0,42,0.0,100.0
10,PFPeA,0.0,0.0,42,0.0,100.0
10,PFPeS,0.0,0.0,42,0.0,100.0
10,PFTA,0.0,0.0,37,0.0,100.0
10,PFTrDA,0.0,0.0,37,0.0,100.0
10,PFUnA,0.0,0.0,42,0.0,100.0
AK,11Cl-PF3OUDS,0.0,0.0,146,0.0,100.0
AK,4:2 FTS,0.0,0.0,146,0.0,100.0
AK,6:2 FTS,0.0,0.0,146,0.0,100.0
AK,8:2 FTS,0.0,0.0,146,0.0,100.0
AK,9Cl-PF3ONS,0.0,0.0,146,0.0,100.0
AK,ADONA,0.0,0.0,146,0.0,100.0
AK,HFPO-DA,0.0,0.0,146,0.0,100.0
AK,NETFOSAA,0.0,0.0,145,0.0,100.0
AK,NFDHA,0.0,0.0,146,0.0,100.0
AK,NMEFOSAA,0.0,0.0,145,0.0,100.0
AK,PFBA,0.0,37.1,146,3.4246575342465753,96.57534246575342
AK,PFBS,0.0,0.0,146,0.0,100.0
AK,PFDA,0.0,0.0,146,0.0,100.0
AK,PFDoA,0.0,0.0,146,0.0,100.0
AK,PFEESA,0.0,0.0,146,0.0,100.0
AK,PFHpA,0.0,3.9,146,2.73972602739726,97.26027397260275
AK,PFHpS,0.0,0.0,146,0.0,100.0
AK,PFHxA,0.0,8.1,146,5.47945205479452,94.52054794520548
AK,PFHxS,0.0,18.5,146,13.698630136986301,86.3013698630137
AK,PFMBA,0.0,0.0,146,0.0,100.0
AK,PFMPA,0.0,0.0,146,0.0,100.0
AK,PFNA,0.0,0.0,146,0.0,100.0
AK,PFOA,0.0,9.1,146,2.054794520547945,97.94520547945206
AK,PFOS,0.0,46.300000000000004,146,2.73972602739726,97.26027397260275
AK,PFPeA,0.0,6.0,146,4.10958904109589,95.89041095890411
AK,PFPeS,0.0,0.0,146,0.0,100.0
AK,PFTA,0.0,0.0,145,0.0,100.0
AK,PFTrDA,0.0,0.0,145,0.0,100.0
AK,PFUnA,0.0,0.0,146,0.0,100.0
AL,11Cl-PF3OUDS,0.0,0.0,1921,0.0,100.0
AL,4:2 FTS,0.0,0.0,1921,0.0,100.0
AL,6:2 FTS,0.0,11.0,1921,0.3643935450286309,99.63560645497137
AL,8:2 FTS,0.0,0.0,1921,0.0,100.0
AL,9Cl-PF3ONS,0.0,0.0,1921,0.0,100.0
AL,ADONA,0.0,0.0,1921,0.0,100.0
AL,HFPO-DA,0.0,0.0,1921,0.0,100.0
AL,NETFOSAA,0.0,0.0,1926,0.0,100.0
AL,NFDHA,0.0,0.0,1921,0.0,100.0
AL,NMEFOSAA,0.0,0.0,1926,0.0,100.0
AL,PFBA,0.0,37.699999999999996,1921,12.441436751691827,87.55856324830818
AL,PFBS,0.0,155.4,1921,14.94013534617387,85.05986465382612
AL,PFDA,0.0,0.0,1921,0.0,100.0
AL,PFDoA,0.0,0.0,1921,0.0,100.0
AL,PFEESA,0.0,0.0,1921,0.0,100.0
AL,PFHpA,0.0,11.700000000000001,1921,4.893284747527329,95.10671525247267
AL,PFHpS,0.0,0.0,1921,0.0,100.0
AL,PFHxA,0.0,34.9,1921,11.816762103071317,88.18323789692869
AL,PFHxS,0.0,14.0,1921,2.7589796980739196,97.24102030192608
AL,PFMBA,0.0,0.0,1921,0.0,100.0
AL,PFMPA,0.0,0.0,1921,0.0,100.0
AL,PFNA,0.0,0.0,1921,0.0,100.0
AL,PFOA,0.0,52.5,1921,10.203019260801666,89.79698073919833
AL,PFOS,0.0,59.4,1921,12.753774076002083,87.24622592399791
AL,PFPeA,0.0,56.5,1921,11.087975013014056,88.91202498698594
AL,PFPeS,0.0,0.0,1921,0.0,100.0
AL,PFTA,0.0,0.0,1926,0.0,100.0
AL,PFTrDA,0.0,0.0,1926,0.0,100.0
AL,PFUnA,0.0,0.0,1921,0.0,100.0
AR,11Cl-PF3OUDS,0.0,0.0,623,0.0,100.0
AR,4:2 FTS,0.0,0.0,623,0.0,100.0
AR,6:2 FTS,0.0,6.2,623,0.16051364365971107,99.83948635634029
AR,8:2 FTS,0.0,0.0,623,0.0,100.0
AR,9Cl-PF3ONS,0.0,0.0,623,0.0,100.0
AR,ADONA,0.0,0.0,623,0.0,100.0
AR,HFPO-DA,0.0,0.0,623,0.0,100.0
AR,NETFOSAA,0.0,0.0,624,0.0,100.0
AR,NFDHA,0.0,0.0,623,0.0,100.0
AR,NMEFOSAA,0.0,0.0,624,0.0,100.0
AR,PFBA,0.0,5.6,623,0.32102728731942215,99.67897271268058
AR,PFBS,0.0,7.0,623,0.6420545746388443,99.35794542536115
AR,PFDA,0.0,0.0,623,0.0,100.0
AR,PFDoA,0.0,0.0,623,0.0,100.0
AR,PFEESA,0.0,0.0,623,0.0,100.0
AR,PFHpA,0.0,0.0,623,0.0,100.0
AR,PFHpS,0.0,0.0,623,0.0,100.0
AR,PFHxA,0.0,3.8,623,0.4815409309791332,99.51845906902086
AR,PFHxS,0.0,3.7,623,0.16051364365971107,99.83948635634029
AR,PFMBA,0.0,0.0,623,0.0,100.0
AR,PFMPA,0.0,0.0,623,0.0,100.0
AR,PFNA,0.0,0.0,623,0.0,100.0
AR,PFOA,0.0,0.0,623,0.0,100.0
AR,PFOS,0.0,0.0,623,0.0,100.0
AR,PFPeA,0.0,5.5,623,0.6420545746388443,99.35794542536115
AR,PFPeS,0.0,0.0,623,0.0,100.0
AR,PFTA,0.0,0.0,624,0.0,100.0
AR,PFTrDA,0.0,0.0,624,0.0,100.0
AR,PFUnA,0.0,0.0,623,0.0,100.0
AS,11Cl-PF3OUDS,0.0,0.0,83,0.0,100.0
AS,4:2 FTS,0.0,0.0,83,0.0,100.0
AS,6:2 FTS,0.0,0.0,83,0.0,100.0
AS,8:2 FTS,0.0,0.0,83,0.0,100.0
AS,9Cl-PF3ONS,0.0,0.0,83,0.0,100.0
AS,ADONA,0.0,0.0,83,0.0,100.0
AS,HFPO-DA,0.0,0.0,83,0.0,100.0
AS,NETFOSAA,0.0,0.0,83,0.0,100.0
AS,NFDHA,0.0,0.0,83,0.0,100.0
AS,NMEFOSAA,0.0,0.0,83,0.0,100.0
AS,PFBA,0.0,0.0,83,0.0,100.0
AS,PFBS,0.0,3.2,83,2.4096385542168677,97.59036144578313
AS,PFDA,0.0,0.0,83,0.0,100.0
AS,PFDoA,0.0,0.0,83,0.0,100.0
AS,PFEESA,0.0,0.0,83,0.0,100.0
AS,PFHpA,0.0,0.0,83,0.0,100.0
AS,PFHpS,0.0,0.0,83,0.0,100.0
AS,PFHxA,0.0,0.0,83,0.0,100.0
AS,PFHxS,0.0,0.0,83,0.0,100.0
AS,PFMBA,0.0,0.0,83,0.0,100.0
AS,PFMPA,0.0,0.0,83,0.0,100.0
AS,PFNA,0.0,0.0,83,0.0,100.0
AS,PFOA,0.0,0.0,83,0.0,100.0
AS,PFOS,0.0,0.0,83,0.0,100.0
AS,PFPeA,0.0,0.0,83,0.0,100.0
AS,PFPeS,0.0,0.0,83,0.0,100.0
AS,PFTA,0.0,0.0,83,0.0,100.0
AS,PFTrDA,0.0,0.0,83,0.0,100.0
AS,PFUnA,0.0,0.0,83,0.0,100.0
AZ,11Cl-PF3OUDS,0.0,0.0,1565,0.0,100.0
AZ,4:2 FTS,0.0,0.0,1565,0.0,100.0
AZ,6:2 FTS,0.0,0.0,1565,0.0,100.0
AZ,8:2 FTS,0.0,0.0,1565,0.0,100.0
AZ,9Cl-PF3ONS,0.0,0.0,1565,0.0,100.0
AZ,ADONA,0.0,0.0,1565,0.0,100.0
AZ,HFPO-DA,0.0,0.0,1565,0.0,100.0
AZ,NETFOSAA,0.0,0.0,1574,0.0,100.0
AZ,NFDHA,0.0,0.0,1565,0.0,100.0
AZ,NMEFOSAA,0.0,0.0,1574,0.0,100.0
AZ,PFBA,0.0,32.0,1565,4.536741214057508,95.46325878594249
AZ,PFBS,0.0,144.0,1565,12.779552715654951,87.22044728434506
AZ,PFDA,0.0,3.5,1565,0.3194888178913738,99.68051118210863
AZ,PFDoA,0.0,0.0,1565,0.0,100.0
AZ,PFEESA,0.0,0.0,1565,0.0,100.0
AZ,PFHpA,0.0,13.2,1565,3.0670926517571884,96.93290734824281
AZ,PFHpS,0.0,0.0,1565,0.0,100.0
AZ,PFHxA,0.0,52.0,1565,6.645367412140575,93.35463258785943
AZ,PFHxS,0.0,70.5,1565,6.453674121405751,93.54632587859425
AZ,PFMBA,0.0,0.0,1565,0.0,100.0
AZ,PFMPA,0.0,0.0,1565,0.0,100.0
AZ,PFNA,0.0,4.3,1565,0.12779552715654952,99.87220447284345
AZ,PFOA,0.0,40.9,1565,4.600638977635783,95.39936102236422
AZ,PFOS,0.0,55.800000000000004,1565,5.23961661341853,94.76038338658147
AZ,PFPeA,0.0,59.0,1565,7.603833865814696,92.39616613418531
AZ,PFPeS,0.0,8.0,1565,0.3194888178913738,99.68051118210863
AZ,PFTA,0.0,0.0,1574,0.0,100.0
AZ,PFTrDA,0.0,0.0,1574,0.0,100.0
AZ,PFUnA,0.0,0.0,1565,0.0,100.0
CA,11Cl-PF3OUDS,0.0,0.0,7424,0.0,100.0
CA,4:2 FTS,0.0,0.0,7424,0.0,100.0
CA,6:2 FTS,0.0,50.3,7409,0.06748549061951681,99.93251450938048
CA,8:2 FTS,0.0,0.0,7414,0.0,100.0
CA,9Cl-PF3ONS,0.0,0.0,7397,0.0,100.0
CA,ADONA,0.0,0.0,7424,0.0,100.0
CA,HFPO-DA,0.0,0.0,7424,0.0,100.0
CA,NETFOSAA,0.0,0.0,7460,0.0,100.0
CA,NFDHA,0.0,0.0,7423,0.0,100.0
CA,NMEFOSAA,0.0,0.0,7460,0.0,100.0
CA,PFBA,0.0,28.0,7416,2.885652642934196,97.11434735706581
CA,PFBS,0.0,22.5,7424,4.525862068965517,95.47413793103448
CA,PFDA,0.0,5.6,7424,0.14816810344827586,99.85183189655173
CA,PFDoA,0.0,3.1,7414,0.01348799568384138,99.98651200431615
CA,PFEESA,0.0,0.0,7424,0.0,100.0
CA,PFHpA,0.0,72.7,7424,1.8588362068965518,98.14116379310344
CA,PFHpS,0.0,5.5,7424,0.013469827586206896,99.9865301724138
CA,PFHxA,0.0,95.2,7422,5.591484774993264,94.40851522500674
CA,PFHxS,0.0,250.2,7412,6.975175391257421,93.02482460874258
CA,PFMBA,0.0,0.0,7424,0.0,100.0
CA,PFMPA,0.0,0.0,7424,0.0,100.0
CA,PFNA,0.0,10.200000000000001,7424,0.21551724137931033,99.78448275862068
CA,PFOA,0.0,188.29999999999998,7424,5.212823275862069,94.78717672413794
CA,PFOS,0.0,236.5,7424,7.165948275862069,92.83405172413794
CA,PFPeA,0.0,62.0,7411,6.28795034408312,93.71204965591689
CA,PFPeS,0.0,10.8,7424,0.16163793103448276,99.83836206896552
CA,PFTA,0.0,0.0,7460,0.0,100.0
CA,PFTrDA,0.0,0.0,7460,0.0,100.0
CA,PFUnA,0.0,0.0,7424,0.0,100.0
CO,11Cl-PF3OUDS,0.0,0.0,931,0.0,100.0
CO,4:2 FTS,0.0,0.0,931,0.0,100.0
CO,6:2 FTS,0.0,0.0,931,0.0,100.0
CO,8:2 FTS,0.0,0.0,931,0.0,100.0
CO,9Cl-PF3ONS,0.0,0.0,931,0.0,100.0
CO,ADONA,0.0,0.0,931,0.0,100.0
CO,HFPO-DA,0.0,0.0,931,0.0,100.0
CO,NETFOSAA,0.0,0.0,949,0.0,100.0
CO,NFDHA,0.0,0.0,931,0.0,100.0
CO,NMEFOSAA,0.0,0.0,949,0.0,100.0
CO,PFBA,0.0,42.0,931,7.9484425349087005,92.05155746509129
CO,PFBS,0.0,38.0,931,6.874328678839957,93.12567132116004
CO,PFDA,0.0,0.0,931,0.0,100.0
CO,PFDoA,0.0,0.0,931,0.0,100.0
CO,PFEESA,0.0,0.0,931,0.0,100.0
CO,PFHpA,0.0,4.2,931,0.644468313641246,99.35553168635876
CO,PFHpS,0.0,0.0,931,0.0,100.0
CO,PFHxA,0.0,140.6,931,9.452201933404941,90.54779806659506
CO,PFHxS,0.0,28.400000000000002,931,3.007518796992481,96.99248120300751
CO,PFMBA,0.0,0.0,931,0.0,100.0
CO,PFMPA,0.0,0.0,931,0.0,100.0
CO,PFNA,0.0,0.0,931,0.0,100.0
CO,PFOA,0.0,10.5,931,2.1482277121374866,97.85177228786252
CO,PFOS,0.0,22.0,931,2.577873254564984,97.42212674543502
CO,PFPeA,0.0,108.89999999999999,931,10.848549946294307,89.15145005370569
CO,PFPeS,0.0,5.3,931,0.21482277121374865,99.78517722878625
CO,PFTA,0.0,0.0,949,0.0,100.0
CO,PFTrDA,0.0,0.0,949,0.0,100.0
CO,PFUnA,0.0,0.0,931,0.0,100.0
CT,11Cl-PF3OUDS,0.0,0.0,454,0.0,100.0
CT,4:2 FTS,0.0,0.0,454,0.0,100.0
CT,6:2 FTS,0.0,0.0,454,0.0,100.0
CT,8:2 FTS,0.0,0.0,454,0.0,100.0
CT,9Cl-PF3ONS,0.0,0.0,454,0.0,100.0
CT,ADONA,0.0,8.1,454,0.22026431718061676,99.77973568281938
CT,HFPO-DA,0.0,0.0,454,0.0,100.0
CT,NETFOSAA,0.0,0.0,455,0.0,100.0
CT,NFDHA,0.0,0.0,454,0.0,100.0
CT,NMEFOSAA,0.0,0.0,455,0.0,100.0
CT,PFBA,0.0,12.1,454,4.185022026431718,95.81497797356828
CT,PFBS,0.0,15.0,454,12.995594713656388,87.00440528634361
CT,PFDA,0.0,0.0,454,0.0,100.0
CT,PFDoA,0.0,0.0,454,0.0,100.0
CT,PFEESA,0.0,0.0,454,0.0,100.0
CT,PFHpA,0.0,5.4,454,2.2026431718061676,97.79735682819383
CT,PFHpS,0.0,0.0,454,0.0,100.0
CT,PFHxA,0.0,9.6,454,12.77533039647577,87.22466960352423
CT,PFHxS,0.0,12.5,454,6.828193832599119,93.17180616740089
CT,PFMBA,0.0,0.0,454,0.0,100.0
CT,PFMPA,0.0,0.0,454,0.0,100.0
CT,PFNA,0.0,0.0,454,0.0,100.0
CT,PFOA,0.0,15.9,454,29.955947136563875,70.04405286343612
CT,PFOS,0.0,16.2,454,18.06167400881057,81.93832599118943
CT,PFPeA,0.0,10.6,454,13.215859030837004,86.78414096916299
CT,PFPeS,0.0,0.0,454,0.0,100.0
CT,PFTA,0.0,0.0,455,0.0,100.0
CT,PFTrDA,0.0,0.0,455,0.0,100.0
CT,PFUnA,0.0,0.0,454,0.0,100.0
DC,11Cl-PF3OUDS,0.0,0.0,28,0.0,100.0
DC,4:2 FTS,0.0,0.0,28,0.0,100.0
DC,6:2 FTS,0.0,0.0,28,0.0,100.0
DC,8:2 FTS,0.0,0.0,28,0.0,100.0
DC,9Cl-PF3ONS,0.0,0.0,28,0.0,100.0
DC,ADONA,0.0,0.0,28,0.0,100.0
DC,HFPO-DA,0.0,0.0,28,0.0,100.0
DC,NETFOSAA,0.0,0.0,28,0.0,100.0
DC,NFDHA,0.0,0.0,28,0.0,100.0
DC,NMEFOSAA,0.0,0.0,28,0.0,100.0
DC,PFBA,0.0,0.0,28,0.0,100.0
DC,PFBS,0.0,0.0,28,0.0,100.0
DC,PFDA,0.0,0.0,28,0.0,100.0
DC,PFDoA,0.0,0.0,28,0.0,100.0
DC,PFEESA,0.0,0.0,28,0.0,100.0
DC,PFHpA,0.0,0.0,28,0.0,100.0
DC,PFHpS,0.0,0.0,28,0.0,100.0
DC,PFHxA,0.0,5.2,28,32.142857142857146,67.85714285714286
DC,PFHxS,0.0,0.0,28,0.0,100.0
DC,PFMBA,0.0,0.0,28,0.0,100.0
DC,PFMPA,0.0,0.0,28,0.0,100.0
DC,PFNA,0.0,0.0,28,0.0,100.0
DC,PFOA,0.0,0.0,28,0.0,100.0
DC,PFOS,0.0,0.0,28,0.0,100.0
DC,PFPeA,0.0,5.6,28,39.285714285714285,60.714285714285715
DC,PFPeS,0.0,0.0,28,0.0,100.0
DC,PFTA,0.0,0.0,28,0.0,100.0
DC,PFTrDA,0.0,0.0,28,0.0,100.0
DC,PFUnA,0.0,0.0,28,0.0,100.0
DE,11Cl-PF3OUDS,0.0,0.0,257,0.0,100.0
DE,4:2 FTS,0.0,0.0,257,0.0,100.0
DE,6:2 FTS,0.0,0.0,257,0.0,100.0
DE,8:2 FTS,0.0,0.0,257,0.0,100.0
DE,9Cl-PF3ONS,0.0,0.0,257,0.0,100.0
DE,ADONA,0.0,0.0,257,0.0,100.0
DE,HFPO-DA,0.0,0.0,257,0.0,100.0
DE,NETFOSAA,0.0,0.0,258,0.0,100.0
DE,NFDHA,0.0,0.0,257,0.0,100.0
DE,NMEFOSAA,0.0,0.0,258,0.0,100.0
DE,PFBA,0.0,147.2,257,15.953307392996107,84.04669260700389
DE,PFBS,0.0,12.7,257,13.618677042801556,86.38132295719845
DE,PFDA,0.0,4.7,257,1.1673151750972763,98.83268482490273
DE,PFDoA,0.0,0.0,257,0.0,100.0
DE,PFEESA,0.0,0.0,257,0.0,100.0
DE,PFHpA,0.0,27.7,257,8.560311284046692,91.43968871595331
DE,PFHpS,0.0,0.0,257,0.0,100.0
DE,PFHxA,0.0,72.2,257,20.622568093385212,79.37743190661479
DE,PFHxS,0.0,8.9,257,3.8910505836575875,96.10894941634241
DE,PFMBA,0.0,0.0,257,0.0,100.0
DE,PFMPA,0.0,0.0,257,0.0,100.0
DE,PFNA,0.0,15.0,257,3.501945525291829,96.49805447470817
DE,PFOA,0.0,25.3,257,17.898832684824903,82.1011673151751
DE,PFOS,0.0,14.0,257,6.614785992217899,93.3852140077821
DE,PFPeA,0.0,122.89999999999999,257,22.17898832684825,77.82101167315176
DE,PFPeS,0.0,0.0,257,0.0,100.0
DE,PFTA,0.0,0.0,258,0.0,100.0
DE,PFTrDA,0.0,0.0,258,0.0,100.0
DE,PFUnA,0.0,3.8,257,0.7782101167315175,99.22178988326849
FL,11Cl-PF3OUDS,0.0,0.0,1993,0.0,100.0
FL,4:2 FTS,0.0,7.6,1993,0.050175614651279475,99.94982438534872
FL,6:2 FTS,0.0,220.1,1993,2.107375815353738,97.89262418464627
FL,8:2 FTS,0.0,10.7,1993,0.3010536879076769,99.69894631209232
FL,9Cl-PF3ONS,0.0,0.0,1993,0.0,100.0
FL,ADONA,0.0,0.0,1993,0.0,100.0
FL,HFPO-DA,0.0,0.0,1993,0.0,100.0
FL,NETFOSAA,0.0,6.8999999999999995,2008,0.049800796812749,99.95019920318725
FL,NFDHA,0.0,0.0,1992,0.0,100.0
FL,NMEFOSAA,0.0,0.0,2009,0.0,100.0
FL,PFBA,0.0,40.7,1993,9.433015554440543,90.56698444555946
FL,PFBS,0.0,22.8,1992,22.590361445783135,77.40963855421687
FL,PFDA,0.0,0.0,1993,0.0,100.0
FL,PFDoA,0.0,0.0,1993,0.0,100.0
FL,PFEESA,0.0,0.0,1993,0.0,100.0
FL,PFHpA,0.0,37.8,1993,7.124937280481686,92.87506271951831
FL,PFHpS,0.0,0.0,1993,0.0,100.0
FL,PFHxA,0.0,111.0,1993,15.353738083291521,84.64626191670848
FL,PFHxS,0.0,55.300000000000004,1993,13.998996487706975,86.00100351229302
FL,PFMBA,0.0,0.0,1993,0.0,100.0
FL,PFMPA,0.0,0.0,1993,0.0,100.0
FL,PFNA,0.0,16.2,1993,0.5519317611640743,99.44806823883593
FL,PFOA,0.0,39.199999999999996,1993,13.447064726542902,86.5529352734571
FL,PFOS,0.0,80.8,1993,21.82639237330657,78.17360762669342
FL,PFPeA,0.0,138.9,1992,20.180722891566266,79.81927710843374
FL,PFPeS,0.0,11.0,1993,0.4014049172102358,99.59859508278977
FL,PFTA,0.0,0.0,2009,0.0,100.0
FL,PFTrDA,0.0,0.0,2009,0.0,100.0
FL,PFUnA,0.0,0.0,1992,0.0,100.0
GA,11Cl-PF3OUDS,0.0,0.0,1433,0.0,100.0
GA,4:2 FTS,0.0,0.0,1433,0.0,100.0
GA,6:2 FTS,0.0,168.3,1433,0.5582693649685974,99.4417306350314
GA,8:2 FTS,0.0,0.0,1433,0.0,100.0
GA,9Cl-PF3ONS,0.0,0.0,1433,0.0,100.0
GA,ADONA,0.0,0.0,1433,0.0,100.0
GA,HFPO-DA,0.0,0.0,1433,0.0,100.0
GA,NETFOSAA,0.0,0.0,1462,0.0,100.0
GA,NFDHA,0.0,0.0,1433,0.0,100.0
GA,NMEFOSAA,0.0,0.0,1462,0.0,100.0
GA,PFBA,0.0,14.7,1433,4.256803907885555,95.74319609211445
GA,PFBS,0.0,290.0,1433,16.259595254710398,83.7404047452896
GA,PFDA,0.0,3.0,1433,0.06978367062107467,99.93021632937892
GA,PFDoA,0.0,0.0,1433,0.0,100.0
GA,PFEESA,0.0,0.0,1433,0.0,100.0
GA,PFHpA,0.0,8.3,1433,3.0006978367062107,96.99930216329379
GA,PFHpS,0.0,0.0,1433,0.0,100.0
GA,PFHxA,0.0,20.0,1433,11.444521981856246,88.55547801814376
GA,PFHxS,0.0,51.2,1433,3.0006978367062107,96.99930216329379
GA,PFMBA,0.0,0.0,1433,0.0,100.0
GA,PFMPA,0.0,0.0,1433,0.0,100.0
GA,PFNA,0.0,0.0,1432,0.0,100.0
GA,PFOA,0.0,33.9,1433,8.094905792044662,91.90509420795534
GA,PFOS,0.0,56.0,1433,8.722958827634333,91.27704117236567
GA,PFPeA,0.0,23.0,1433,12.072575017445917,87.92742498255409
GA,PFPeS,0.0,5.4,1433,0.2791346824842987,99.7208653175157
GA,PFTA,0.0,0.0,1462,0.0,100.0
GA,PFTrDA,0.0,0.0,1462,0.0,100.0
GA,PFUnA,0.0,0.0,1433,0.0,100.0
GU,11Cl-PF3OUDS,0.0,0.0,145,0.0,100.0
GU,4:2 FTS,0.0,0.0,145,0.0,100.0
GU,6:2 FTS,0.0,148.2,145,3.4482758620689653,96.55172413793103
GU,8:2 FTS,0.0,7.5,145,0.6896551724137931,99.3103448275862
GU,9Cl-PF3ONS,0.0,0.0,145,0.0,100.0
GU,ADONA,0.0,0.0,145,0.0,100.0
GU,HFPO-DA,0.0,0.0,145,0.0,100.0
GU,NETFOSAA,0.0,0.0,145,0.0,100.0
GU,NFDHA,0.0,0.0,145,0.0,100.0
GU,NMEFOSAA,0.0,0.0,145,0.0,100.0
GU,PFBA,0.0,18.1,145,5.517241379310345,94.48275862068965
GU,PFBS,0.0,34.9,145,28.27586206896552,71.72413793103448
GU,PFDA,0.0,0.0,145,0.0,100.0
GU,PFDoA,0.0,0.0,145,0.0,100.0
GU,PFEESA,0.0,0.0,145,0.0,100.0
GU,PFHpA,0.0,18.5,145,15.172413793103448,84.82758620689656
GU,PFHpS,0.0,0.0,145,0.0,100.0
GU,PFHxA,0.0,37.1,145,39.310344827586206,60.689655172413794
GU,PFHxS,3.4,80.0,145,55.86206896551724,44.13793103448276
GU,PFMBA,0.0,0.0,145,0.0,100.0
GU,PFMPA,0.0,0.0,145,0.0,100.0
GU,PFNA,0.0,0.0,145,0.0,100.0
GU,PFOA,0.0,18.3,145,6.206896551724138,93.79310344827586
GU,PFOS,0.0,135.0,145,25.517241379310345,74.48275862068965
GU,PFPeA,0.0,47.5,145,43.44827586206896,56.55172413793104
GU,PFPeS,0.0,9.9,145,3.4482758620689653,96.55172413793103
GU,PFTA,0.0,0.0,145,0.0,100.0
GU,PFTrDA,0.0,0.0,145,0.0,100.0
GU,PFUnA,0.0,0.0,145,0.0,100.0
HI,11Cl-PF3OUDS,0.0,0.0,378,0.0,100.0
HI,4:2 FTS,0.0,0.0,378,0.0,100.0
HI,6:2 FTS,0.0,0.0,378,0.0,100.0
HI,8:2 FTS,0.0,0.0,378,0.0,100.0
HI,9Cl-PF3ONS,0.0,0.0,378,0.0,100.0
HI,ADONA,0.0,0.0,378,0.0,100.0
HI,HFPO-DA,0.0,0.0,378,0.0,100.0
HI,NETFOSAA,0.0,0.0,379,0.0,100.0
HI,NFDHA,0.0,0.0,378,0.0,100.0
HI,NMEFOSAA,0.0,0.0,379,0.0,100.0
HI,PFBA,0.0,0.0,378,0.0,100.0
HI,PFBS,0.0,0.0,378,0.0,100.0
HI,PFDA,0.0,0.0,378,0.0,100.0
HI,PFDoA,0.0,0.0,378,0.0,100.0
HI,PFEESA,0.0,0.0,378,0.0,100.0
HI,PFHpA,0.0,0.0,378,0.0,100.0
HI,PFHpS,0.0,0.0,378,0.0,100.0
HI,PFHxA,0.0,0.0,378,0.0,100.0
HI,PFHxS,0.0,3.0,378,0.26455026455026454,99.73544973544973
HI,PFMBA,0.0,0.0,378,0.0,100.0
HI,PFMPA,0.0,0.0,378,0.0,100.0
HI,PFNA,0.0,0.0,378,0.0,100.0
HI,PFOA,0.0,0.0,378,0.0,100.0
HI,PFOS,0.0,0.0,378,0.0,100.0
HI,PFPeA,0.0,3.3,378,0.26455026455026454,99.73544973544973
HI,PFPeS,0.0,0.0,378,0.0,100.0
HI,PFTA,0.0,0.0,379,0.0,100.0
HI,PFTrDA,0.0,0.0,379,0.0,100.0
HI,PFUnA,0.0,0.0,378,0.0,100.0
IA,11Cl-PF3OUDS,0.0,0.0,527,0.0,100.0
IA,4:2 FTS,0.0,0.0,527,0.0,100.0
IA,6:2 FTS,0.0,0.0,527,0.0,100.0
IA,8:2 FTS,0.0,0.0,527,0.0,100.0
IA,9Cl-PF3ONS,0.0,0.0,527,0.0,100.0
IA,ADONA,0.0,0.0,527,0.0,100.0
IA,HFPO-DA,0.0,0.0,527,0.0,100.0
IA,NETFOSAA,0.0,0.0,542,0.0,100.0
IA,NFDHA,0.0,0.0,527,0.0,100.0
IA,NMEFOSAA,0.0,0.0,542,0.0,100.0
IA,PFBA,0.0,647.9,527,10.815939278937382,89.18406072106262
IA,PFBS,0.0,21.0,527,4.743833017077799,95.2561669829222
IA,PFDA,0.0,0.0,527,0.0,100.0
IA,PFDoA,0.0,0.0,527,0.0,100.0
IA,PFEESA,0.0,0.0,527,0.0,100.0
IA,PFHpA,0.0,4.8,527,0.9487666034155597,99.05123339658444
IA,PFHpS,0.0,0.0,527,0.0,100.0
IA,PFHxA,0.0,33.0,527,1.7077798861480076,98.292220113852
IA,PFHxS,0.0,35.0,527,3.225806451612903,96.7741935483871
IA,PFMBA,0.0,3.0,527,0.3795066413662239,99.62049335863378
IA,PFMPA,0.0,10.4,527,0.3795066413662239,99.62049335863378
IA,PFNA,0.0,0.0,527,0.0,100.0
IA,PFOA,0.0,7.2,527,1.5180265654648957,98.4819734345351
IA,PFOS,0.0,4.5,527,0.7590132827324478,99.24098671726755
IA,PFPeA,0.0,22.0,527,4.174573055028463,95.82542694497154
IA,PFPeS,0.0,14.0,527,0.7590132827324478,99.24098671726755
IA,PFTA,0.0,0.0,542,0.0,100.0
IA,PFTrDA,0.0,0.0,542,0.0,100.0
IA,PFUnA,0.0,0.0,527,0.0,100.0
ID,11Cl-PF3OUDS,0.0,0.0,582,0.0,100.0
ID,4:2 FTS,0.0,0.0,582,0.0,100.0
ID,6:2 FTS,0.0,0.0,582,0.0,100.0
ID,8:2 FTS,0.0,0.0,582,0.0,100.0
ID,9Cl-PF3ONS,0.0,0.0,582,0.0,100.0
ID,ADONA,0.0,0.0,582,0.0,100.0
ID,HFPO-DA,0.0,0.0,582,0.0,100.0
ID,NETFOSAA,0.0,0.0,583,0.0,100.0
ID,NFDHA,0.0,0.0,582,0.0,100.0
ID,NMEFOSAA,0.0,0.0,583,0.0,100.0
ID,PFBA,0.0,0.0,582,0.0,100.0
ID,PFBS,0.0,6.7,582,1.202749140893471,98.79725085910653
ID,PFDA,0.0,0.0,582,0.0,100.0
ID,PFDoA,0.0,0.0,582,0.0,100.0
ID,PFEESA,0.0,0.0,582,0.0,100.0
ID,PFHpA,0.0,0.0,582,0.0,100.0
ID,PFHpS,0.0,0.0,582,0.0,100.0
ID,PFHxA,0.0,13.0,582,2.0618556701030926,97.93814432989691
ID,PFHxS,0.0,25.4,582,2.405498281786942,97.59450171821305
ID,PFMBA,0.0,0.0,582,0.0,100.0
ID,PFMPA,0.0,0.0,582,0.0,100.0
ID,PFNA,0.0,51.0,582,1.0309278350515463,98.96907216494846
ID,PFOA,0.0,5.8999999999999995,582,0.3436426116838488,99.65635738831615
ID,PFOS,0.0,28.2,582,1.3745704467353952,98.62542955326461
ID,PFPeA,0.0,8.0,582,2.0618556701030926,97.93814432989691
ID,PFPeS,0.0,4.4,582,0.1718213058419244,99.82817869415807
ID,PFTA,0.0,0.0,583,0.0,100.0
ID,PFTrDA,0.0,0.0,583,0.0,100.0
ID,PFUnA,0.0,0.0,582,0.0,100.0
IL,11Cl-PF3OUDS,0.0,0.0,1984,0.0,100.0
IL,4:2 FTS,0.0,0.0,1984,0.0,100.0
IL,6:2 FTS,0.0,5.7,1984,0.10080645161290322,99.8991935483871
IL,8:2 FTS,0.0,0.0,1984,0.0,100.0
IL,9Cl-PF3ONS,0.0,0.0,1984,0.0,100.0
IL,ADONA,0.0,0.0,1984,0.0,100.0
IL,HFPO-DA,0.0,0.0,1984,0.0,100.0
IL,NETFOSAA,0.0,0.0,1977,0.0,100.0
IL,NFDHA,0.0,0.0,1984,0.0,100.0
IL,NMEFOSAA,0.0,0.0,1977,0.0,100.0
IL,PFBA,0.0,233.2,1984,10.685483870967742,89.31451612903226
IL,PFBS,0.0,52.1,1983,3.7821482602118004,96.2178517397882
IL,PFDA,0.0,0.0,1984,0.0,100.0
IL,PFDoA,0.0,0.0,1984,0.0,100.0
IL,PFEESA,0.0,0.0,1984,0.0,100.0
IL,PFHpA,0.0,13.299999999999999,1984,0.655241935483871,99.34475806451613
IL,PFHpS,0.0,0.0,1984,0.0,100.0
IL,PFHxA,0.0,24.400000000000002,1984,4.233870967741935,95.76612903225806
IL,PFHxS,0.0,18.2,1984,2.1673387096774195,97.83266129032258
IL,PFMBA,0.0,0.0,1984,0.0,100.0
IL,PFMPA,0.0,0.0,1984,0.0,100.0
IL,PFNA,0.0,4.5,1984,0.05040322580645161,99.94959677419355
IL,PFOA,0.0,18.0,1984,1.3608870967741935,98.63911290322581
IL,PFOS,0.0,14.0,1984,1.2096774193548387,98.79032258064517
IL,PFPeA,0.0,32.2,1984,5.897177419354839,94.10282258064517
IL,PFPeS,0.0,8.5,1984,0.05040322580645161,99.94959677419355
IL,PFTA,0.0,0.0,1977,0.0,100.0
IL,PFTrDA,0.0,0.0,1977,0.0,100.0
IL,PFUnA,0.0,0.0,1984,0.0,100.0
IN,11Cl-PF3OUDS,0.0,0.0,793,0.0,100.0
IN,4:2 FTS,0.0,0.0,793,0.0,100.0
IN,6:2 FTS,0.0,0.0,793,0.0,100.0
IN,8:2 FTS,0.0,0.0,793,0.0,100.0
IN,9Cl-PF3ONS,0.0,0.0,793,0.0,100.0
IN,ADONA,0.0,0.0,793,0.0,100.0
IN,HFPO-DA,0.0,5.3,793,0.37831021437578816,99.62168978562421
IN,NETFOSAA,0.0,0.0,792,0.0,100.0
IN,NFDHA,0.0,0.0,793,0.0,100.0
IN,NMEFOSAA,0.0,0.0,792,0.0,100.0
IN,PFBA,0.0,23.2,793,3.783102143757881,96.21689785624211
IN,PFBS,0.0,17.4,793,5.926860025220681,94.07313997477932
IN,PFDA,0.0,0.0,793,0.0,100.0
IN,PFDoA,0.0,0.0,793,0.0,100.0
IN,PFEESA,0.0,0.0,793,0.0,100.0
IN,PFHpA,0.0,8.3,793,0.25220680958385877,99.74779319041615
IN,PFHpS,0.0,0.0,793,0.0,100.0
IN,PFHxA,0.0,20.8,793,5.044136191677175,94.95586380832282
IN,PFHxS,0.0,25.6,793,2.01765447667087,97.98234552332913
IN,PFMBA,0.0,0.0,793,0.0,100.0
IN,PFMPA,0.0,0.0,793,0.0,100.0
IN,PFNA,0.0,0.0,793,0.0,100.0
IN,PFOA,0.0,14.5,793,2.648171500630517,97.35182849936949
IN,PFOS,0.0,10.5,793,1.008827238335435,98.99117276166456
IN,PFPeA,0.0,39.699999999999996,793,8.448928121059268,91.55107187894073
IN,PFPeS,0.0,8.4,793,0.25220680958385877,99.74779319041615
IN,PFTA,0.0,0.0,792,0.0,100.0
IN,PFTrDA,0.0,0.0,792,0.0,100.0
IN,PFUnA,0.0,0.0,793,0.0,100.0
KS,11Cl-PF3OUDS,0.0,0.0,505,0.0,100.0
KS,4:2 FTS,0.0,0.0,505,0.0,100.0
KS,6:2 FTS,0.0,10.0,505,0.9900990099009901,99.00990099009901
KS,8:2 FTS,0.0,0.0,505,0.0,100.0
KS,9Cl-PF3ONS,0.0,0.0,505,0.0,100.0
KS,ADONA,0.0,0.0,505,0.0,100.0
KS,HFPO-DA,0.0,0.0,505,0.0,100.0
KS,NETFOSAA,0.0,0.0,512,0.0,100.0
KS,NFDHA,0.0,0.0,505,0.0,100.0
KS,NMEFOSAA,0.0,0.0,512,0.0,100.0
KS,PFBA,0.0,25.0,505,4.9504950495049505,95.04950495049505
KS,PFBS,0.0,37.1,505,5.742574257425743,94.25742574257426
KS,PFDA,0.0,0.0,505,0.0,100.0
KS,PFDoA,0.0,0.0,505,0.0,100.0
KS,PFEESA,0.0,0.0,505,0.0,100.0
KS,PFHpA,0.0,13.0,505,0.7920792079207921,99.20792079207921
KS,PFHpS,0.0,0.0,505,0.0,100.0
KS,PFHxA,0.0,69.0,505,3.9603960396039604,96.03960396039604
KS,PFHxS,0.0,60.0,505,6.336633663366337,93.66336633663366
KS,PFMBA,0.0,0.0,505,0.0,100.0
KS,PFMPA,0.0,0.0,505,0.0,100.0
KS,PFNA,0.0,6.2,505,0.19801980198019803,99.8019801980198
KS,PFOA,0.0,21.1,505,0.594059405940594,99.4059405940594
KS,PFOS,0.0,11.0,505,1.782178217821782,98.21782178217822
KS,PFPeA,0.0,110.0,505,4.356435643564356,95.64356435643565
KS,PFPeS,0.0,18.0,505,1.188118811881188,98.81188118811882
KS,PFTA,0.0,0.0,512,0.0,100.0
KS,PFTrDA,0.0,0.0,512,0.0,100.0
KS,PFUnA,0.0,0.0,505,0.0,100.0
KY,11Cl-PF3OUDS,0.0,0.0,1100,0.0,100.0
KY,4:2 FTS,0.0,0.0,1100,0.0,100.0
KY,6:2 FTS,0.0,23.0,1100,1.5454545454545454,98.45454545454545
KY,8:2 FTS,0.0,0.0,1100,0.0,100.0
KY,9Cl-PF3ONS,0.0,0.0,1100,0.0,100.0
KY,ADONA,0.0,0.0,1100,0.0,100.0
KY,HFPO-DA,0.0,25.0,1100,0.27272727272727276,99.72727272727273
KY,NETFOSAA,0.0,0.0,1104,0.0,100.0
KY,NFDHA,0.0,0.0,1100,0.0,100.0
KY,NMEFOSAA,0.0,0.0,1104,0.0,100.0
KY,PFBA,0.0,51.2,1100,5.363636363636363,94.63636363636364
KY,PFBS,0.0,9.4,1100,2.3636363636363638,97.63636363636364
KY,PFDA,0.0,0.0,1100,0.0,100.0
KY,PFDoA,0.0,0.0,1100,0.0,100.0
KY,PFEESA,0.0,0.0,1100,0.0,100.0
KY,PFHpA,0.0,13.899999999999999,1100,0.6363636363636364,99.36363636363636
KY,PFHpS,0.0,0.0,1100,0.0,100.0
KY,PFHxA,0.0,20.0,1100,3.3636363636363638,96.63636363636364
KY,PFHxS,0.0,15.299999999999999,1100,1.0,99.0
KY,PFMBA,0.0,0.0,1100,0.0,100.0
KY,PFMPA,0.0,0.0,1100,0.0,100.0
KY,PFNA,0.0,0.0,1100,0.0,100.0
KY,PFOA,0.0,10.0,1100,2.3636363636363638,97.63636363636364
KY,PFOS,0.0,47.9,1100,1.7272727272727273,98.27272727272727
KY,PFPeA,0.0,24.0,1100,5.7272727272727275,94.27272727272727
KY,PFPeS,0.0,0.0,1100,0.0,100.0
KY,PFTA,0.0,0.0,1104,0.0,100.0
KY,PFTrDA,0.0,0.0,1104,0.0,100.0
KY,PFUnA,0.0,0.0,1100,0.0,100.0
LA,11Cl-PF3OUDS,0.0,0.0,1257,0.0,100.0
LA,4:2 FTS,0.0,0.0,1257,0.0,100.0
LA,6:2 FTS,0.0,15.0,1257,0.15910898965791567,99.84089101034209
LA,8:2 FTS,0.0,0.0,1257,0.0,100.0
LA,9Cl-PF3ONS,0.0,0.0,1257,0.0,100.0
LA,ADONA,0.0,0.0,1257,0.0,100.0
LA,HFPO-DA,0.0,5.4,1257,0.07955449482895784,99.92044550517105
LA,NETFOSAA,0.0,0.0,1266,0.0,100.0
LA,NFDHA,0.0,0.0,1256,0.0,100.0
LA,NMEFOSAA,0.0,0.0,1266,0.0,100.0
LA,PFBA,0.0,31.7,1256,6.8471337579617835,93.15286624203821
LA,PFBS,0.0,4.7,1257,0.3977724741447892,99.60222752585521
LA,PFDA,0.0,0.0,1257,0.0,100.0
LA,PFDoA,0.0,0.0,1257,0.0,100.0
LA,PFEESA,0.0,0.0,1257,0.0,100.0
LA,PFHpA,0.0,3.5,1257,0.3977724741447892,99.60222752585521
LA,PFHpS,0.0,0.0,1257,0.0,100.0
LA,PFHxA,0.0,10.8,1257,0.3977724741447892,99.60222752585521
LA,PFHxS,0.0,3.7,1257,0.15910898965791567,99.84089101034209
LA,PFMBA,0.0,0.0,1257,0.0,100.0
LA,PFMPA,0.0,0.0,1257,0.0,100.0
LA,PFNA,0.0,4.8,1257,0.07955449482895784,99.92044550517105
LA,PFOA,0.0,20.1,1257,0.47732696897374705,99.52267303102626
LA,PFOS,0.0,7.3,1257,0.7159904534606205,99.28400954653938
LA,PFPeA,0.0,14.5,1257,0.8750994431185362,99.12490055688147
LA,PFPeS,0.0,0.0,1257,0.0,100.0
LA,PFTA,0.0,0.0,1266,0.0,100.0
LA,PFTrDA,0.0,0.0,1266,0.0,100.0
LA,PFUnA,0.0,0.0,1256,0.0,100.0
MA,11Cl-PF3OUDS,0.0,0.0,1496,0.0,100.0
MA,4:2 FTS,0.0,3.0,1496,0.06684491978609625,99.93315508021391
MA,6:2 FTS,0.0,6.2,1496,0.2005347593582888,99.79946524064171
MA,8:2 FTS,0.0,0.0,1496,0.0,100.0
MA,9Cl-PF3ONS,0.0,0.0,1496,0.0,100.0
MA,ADONA,0.0,0.0,1496,0.0,100.0
MA,HFPO-DA,0.0,0.0,1496,0.0,100.0
MA,NETFOSAA,0.0,0.0,1504,0.0,100.0
MA,NFDHA,0.0,0.0,1496,0.0,100.0
MA,NMEFOSAA,0.0,0.0,1504,0.0,100.0
MA,PFBA,0.0,25.0,1496,5.414438502673797,94.5855614973262
MA,PFBS,0.0,20.7,1495,11.036789297658862,88.96321070234114
MA,PFDA,0.0,0.0,1496,0.0,100.0
MA,PFDoA,0.0,0.0,1496,0.0,100.0
MA,PFEESA,0.0,0.0,1496,0.0,100.0
MA,PFHpA,0.0,29.4,1496,2.941176470588235,97.05882352941177
MA,PFHpS,0.0,3.3,1496,0.1336898395721925,99.8663101604278
MA,PFHxA,0.0,60.8,1496,16.577540106951872,83.42245989304813
MA,PFHxS,0.0,31.0,1496,2.807486631016043,97.19251336898395
MA,PFMBA,0.0,0.0,1496,0.0,100.0
MA,PFMPA,0.0,0.0,1496,0.0,100.0
MA,PFNA,0.0,4.8,1496,0.06684491978609625,99.93315508021391
MA,PFOA,0.0,92.0,1496,18.048128342245988,81.95187165775401
MA,PFOS,0.0,50.6,1496,9.491978609625669,90.50802139037432
MA,PFPeA,0.0,59.4,1496,17.17914438502674,82.82085561497325
MA,PFPeS,0.0,0.0,1496,0.0,100.0
MA,PFTA,0.0,0.0,1504,0.0,100.0
MA,PFTrDA,0.0,0.0,1504,0.0,100.0
MA,PFUnA,0.0,0.0,1496,0.0,100.0
MD,11Cl-PF3OUDS,0.0,0.0,511,0.0,100.0
MD,4:2 FTS,0.0,0.0,511,0.0,100.0
MD,6:2 FTS,0.0,7.2,511,0.19569471624266144,99.80430528375734
MD,8:2 FTS,0.0,0.0,511,0.0,100.0
MD,9Cl-PF3ONS,0.0,0.0,511,0.0,100.0
MD,ADONA,0.0,0.0,511,0.0,100.0
MD,HFPO-DA,0.0,0.0,511,0.0,100.0
MD,NETFOSAA,0.0,0.0,511,0.0,100.0
MD,NFDHA,0.0,0.0,511,0.0,100.0
MD,NMEFOSAA,0.0,0.0,511,0.0,100.0
MD,PFBA,0.0,20.1,511,6.653620352250488,93.34637964774952
MD,PFBS,0.0,16.8,511,19.569471624266143,80.43052837573386
MD,PFDA,0.0,0.0,511,0.0,100.0
MD,PFDoA,0.0,0.0,511,0.0,100.0
MD,PFEESA,0.0,0.0,511,0.0,100.0
MD,PFHpA,0.0,9.2,511,6.066536203522505,93.9334637964775
MD,PFHpS,0.0,0.0,511,0.0,100.0
MD,PFHxA,0.0,24.6,511,18.199608610567513,81.80039138943249
MD,PFHxS,0.0,6.8999999999999995,511,6.457925636007827,93.54207436399217
MD,PFMBA,0.0,0.0,511,0.0,100.0
MD,PFMPA,0.0,0.0,511,0.0,100.0
MD,PFNA,0.0,6.5,511,0.3913894324853229,99.60861056751467
MD,PFOA,0.0,23.3,511,14.090019569471623,85.90998043052838
MD,PFOS,0.0,48.0,511,7.8277886497064575,92.17221135029354
MD,PFPeA,0.0,66.69999999999999,511,20.15655577299413,79.84344422700588
MD,PFPeS,0.0,0.0,511,0.0,100.0
MD,PFTA,0.0,0.0,511,0.0,100.0
MD,PFTrDA,0.0,0.0,511,0.0,100.0
MD,PFUnA,0.0,0.0,511,0.0,100.0
ME,11Cl-PF3OUDS,0.0,0.0,172,0.0,100.0
ME,4:2 FTS,0.0,0.0,172,0.0,100.0
ME,6:2 FTS,0.0,0.0,172,0.0,100.0
ME,8:2 FTS,0.0,0.0,172,0.0,100.0
ME,9Cl-PF3ONS,0.0,0.0,172,0.0,100.0
ME,ADONA,0.0,0.0,172,0.0,100.0
ME,HFPO-DA,0.0,0.0,172,0.0,100.0
ME,NETFOSAA,0.0,0.0,173,0.0,100.0
ME,NFDHA,0.0,0.0,172,0.0,100.0
ME,NMEFOSAA,0.0,0.0,173,0.0,100.0
ME,PFBA,0.0,17.0,172,4.651162790697675,95.34883720930233
ME,PFBS,0.0,9.299999999999999,172,1.1627906976744187,98.83720930232558
ME,PFDA,0.0,0.0,172,0.0,100.0
ME,PFDoA,0.0,0.0,172,0.0,100.0
ME,PFEESA,0.0,0.0,172,0.0,100.0
ME,PFHpA,0.0,5.4,172,4.069767441860465,95.93023255813954
ME,PFHpS,0.0,0.0,172,0.0,100.0
ME,PFHxA,0.0,10.7,172,6.976744186046512,93.02325581395348
ME,PFHxS,0.0,13.2,172,4.651162790697675,95.34883720930233
ME,PFMBA,0.0,0.0,172,0.0,100.0
ME,PFMPA,0.0,0.0,172,0.0,100.0
ME,PFNA,0.0,0.0,172,0.0,100.0
ME,PFOA,0.0,7.1000000000000005,172,4.069767441860465,95.93023255813954
ME,PFOS,0.0,7.1000000000000005,172,3.488372093023256,96.51162790697674
ME,PFPeA,0.0,10.7,172,5.813953488372093,94.18604651162791
ME,PFPeS,0.0,0.0,172,0.0,100.0
ME,PFTA,0.0,0.0,173,0.0,100.0
ME,PFTrDA,0.0,0.0,173,0.0,100.0
ME,PFUnA,0.0,0.0,172,0.0,100.0
MI,11Cl-PF3OUDS,0.0,0.0,1316,0.0,100.0
MI,4:2 FTS,0.0,0.0,1316,0.0,100.0
MI,6:2 FTS,0.0,12.0,1316,0.22796352583586624,99.77203647416414
MI,8:2 FTS,0.0,0.0,1316,0.0,100.0
MI,9Cl-PF3ONS,0.0,0.0,1316,0.0,100.0
MI,ADONA,0.0,0.0,1316,0.0,100.0
MI,HFPO-DA,0.0,5.4,1316,0.07598784194528875,99.92401215805471
MI,NETFOSAA,0.0,0.0,1316,0.0,100.0
MI,NFDHA,0.0,0.0,1316,0.0,100.0
MI,NMEFOSAA,0.0,0.0,1316,0.0,100.0
MI,PFBA,0.0,13.0,1316,1.21580547112462,98.78419452887537
MI,PFBS,0.0,42.0,1316,2.507598784194529,97.49240121580547
MI,PFDA,0.0,0.0,1316,0.0,100.0
MI,PFDoA,0.0,0.0,1316,0.0,100.0
MI,PFEESA,0.0,0.0,1316,0.0,100.0
MI,PFHpA,0.0,4.2,1316,0.07598784194528875,99.92401215805471
MI,PFHpS,0.0,0.0,1316,0.0,100.0
MI,PFHxA,0.0,5.7,1316,0.6838905775075987,99.3161094224924
MI,PFHxS,0.0,30.0,1316,1.21580547112462,98.78419452887537
MI,PFMBA,0.0,0.0,1316,0.0,100.0
MI,PFMPA,0.0,0.0,1316,0.0,100.0
MI,PFNA,0.0,4.8,1316,0.07598784194528875,99.92401215805471
MI,PFOA,0.0,13.0,1316,0.8358662613981762,99.16413373860182
MI,PFOS,0.0,11.0,1316,0.6838905775075987,99.3161094224924
MI,PFPeA,0.0,6.1000000000000005,1316,1.4437689969604863,98.55623100303951
MI,PFPeS,0.0,5.2,1316,0.1519756838905775,99.84802431610942
MI,PFTA,0.0,0.0,1316,0.0,100.0
MI,PFTrDA,0.0,0.0,1316,0.0,100.0
MI,PFUnA,0.0,0.0,1316,0.0,100.0
MN,11Cl-PF3OUDS,0.0,0.0,913,0.0,100.0
MN,4:2 FTS,0.0,0.0,913,0.0,100.0
MN,6:2 FTS,0.0,0.0,912,0.0,100.0
MN,8:2 FTS,0.0,0.0,913,0.0,100.0
MN,9Cl-PF3ONS,0.0,0.0,913,0.0,100.0
MN,ADONA,0.0,0.0,913,0.0,100.0
MN,HFPO-DA,0.0,0.0,913,0.0,100.0
MN,NETFOSAA,0.0,0.0,916,0.0,100.0
MN,NFDHA,0.0,0.0,913,0.0,100.0
MN,NMEFOSAA,0.0,0.0,916,0.0,100.0
MN,PFBA,0.0,1700.0,910,41.42857142857143,58.57142857142857
MN,PFBS,0.0,9.6,913,4.271631982475356,95.72836801752464
MN,PFDA,0.0,0.0,913,0.0,100.0
MN,PFDoA,0.0,0.0,913,0.0,100.0
MN,PFEESA,0.0,0.0,913,0.0,100.0
MN,PFHpA,0.0,3.6,913,0.32858707557502737,99.67141292442497
MN,PFHpS,0.0,0.0,913,0.0,100.0
MN,PFHxA,0.0,27.799999999999997,913,4.600219058050383,95.39978094194961
MN,PFHxS,0.0,34.2,913,4.819277108433735,95.18072289156626
MN,PFMBA,0.0,0.0,913,0.0,100.0
MN,PFMPA,0.0,0.0,913,0.0,100.0
MN,PFNA,0.0,0.0,913,0.0,100.0
MN,PFOA,0.0,23.7,913,5.038335158817087,94.96166484118291
MN,PFOS,0.0,18.0,913,2.7382256297918945,97.2617743702081
MN,PFPeA,0.0,24.0,913,8.214676889375685,91.78532311062432
MN,PFPeS,0.0,0.0,913,0.0,100.0
MN,PFTA,0.0,0.0,916,0.0,100.0
MN,PFTrDA,0.0,0.0,916,0.0,100.0
MN,PFUnA,0.0,0.0,913,0.0,100.0
MO,11Cl-PF3OUDS,0.0,0.0,1501,0.0,100.0
MO,4:2 FTS,0.0,0.0,1501,0.0,100.0
MO,6:2 FTS,0.0,0.0,1501,0.0,100.0
MO,8:2 FTS,0.0,0.0,1501,0.0,100.0
MO,9Cl-PF3ONS,0.0,0.0,1501,0.0,100.0
MO,ADONA,0.0,0.0,1501,0.0,100.0
MO,HFPO-DA,0.0,0.0,1501,0.0,100.0
MO,NETFOSAA,0.0,0.0,1504,0.0,100.0
MO,NFDHA,0.0,0.0,1501,0.0,100.0
MO,NMEFOSAA,0.0,0.0,1504,0.0,100.0
MO,PFBA,0.0,70.1,1500,10.333333333333334,89.66666666666667
MO,PFBS,0.0,11.4,1501,0.7328447701532311,99.26715522984676
MO,PFDA,0.0,0.0,1501,0.0,100.0
MO,PFDoA,0.0,0.0,1501,0.0,100.0
MO,PFEESA,0.0,0.0,1501,0.0,100.0
MO,PFHpA,0.0,4.6,1501,0.06662225183211193,99.93337774816789
MO,PFHpS,0.0,0.0,1501,0.0,100.0
MO,PFHxA,0.0,11.9,1501,0.5329780146568954,99.46702198534311
MO,PFHxS,0.0,22.5,1501,0.9327115256495668,99.06728847435043
MO,PFMBA,0.0,0.0,1501,0.0,100.0
MO,PFMPA,0.0,0.0,1501,0.0,100.0
MO,PFNA,0.0,0.0,1501,0.0,100.0
MO,PFOA,0.0,6.2,1501,0.3331112591605596,99.66688874083944
MO,PFOS,0.0,12.0,1501,0.5329780146568954,99.46702198534311
MO,PFPeA,0.0,11.0,1501,0.7994670219853431,99.20053297801466
MO,PFPeS,0.0,6.3,1501,0.06662225183211193,99.93337774816789
MO,PFTA,0.0,0.0,1504,0.0,100.0
MO,PFTrDA,0.0,0.0,1504,0.0,100.0
MO,PFUnA,0.0,0.0,1501,0.0,100.0
MP,11Cl-PF3OUDS,0.0,0.0,28,0.0,100.0
MP,4:2 FTS,0.0,0.0,28,0.0,100.0
MP,6:2 FTS,0.0,12.5,28,7.142857142857142,92.85714285714286
MP,8:2 FTS,0.0,0.0,28,0.0,100.0
MP,9Cl-PF3ONS,0.0,0.0,28,0.0,100.0
MP,ADONA,0.0,0.0,28,0.0,100.0
MP,HFPO-DA,0.0,0.0,28,0.0,100.0
MP,NETFOSAA,0.0,0.0,28,0.0,100.0
MP,NFDHA,0.0,0.0,28,0.0,100.0
MP,NMEFOSAA,0.0,0.0,28,0.0,100.0
MP,PFBA,0.0,32.300000000000004,28,3.571428571428571,96.42857142857143
MP,PFBS,0.0,14.6,28,14.285714285714285,85.71428571428572
MP,PFDA,0.0,0.0,28,0.0,100.0
MP,PFDoA,0.0,0.0,28,0.0,100.0
MP,PFEESA,0.0,0.0,28,0.0,100.0
MP,PFHpA,0.0,22.9,28,14.285714285714285,85.71428571428572
MP,PFHpS,0.0,0.0,28,0.0,100.0
MP,PFHxA,0.0,121.6,28,17.857142857142858,82.14285714285714
MP,PFHxS,0.0,19.599999999999998,28,14.285714285714285,85.71428571428572
MP,PFMBA,0.0,0.0,28,0.0,100.0
MP,PFMPA,0.0,0.0,28,0.0,100.0
MP,PFNA,0.0,0.0,28,0.0,100.0
MP,PFOA,0.0,0.0,28,0.0,100.0
MP,PFOS,0.0,32.099999999999994,28,25.0,75.0
MP,PFPeA,0.0,133.8,28,21.428571428571427,78.57142857142857
MP,PFPeS,0.0,5.4,28,3.571428571428571,96.42857142857143
MP,PFTA,0.0,0.0,28,0.0,100.0
MP,PFTrDA,0.0,0.0,28,0.0,100.0
MP,PFUnA,0.0,0.0,28,0.0,100.0
MS,11Cl-PF3OUDS,0.0,0.0,1406,0.0,100.0
MS,4:2 FTS,0.0,0.0,1406,0.0,100.0
MS,6:2 FTS,0.0,22.9,1406,0.1422475106685633,99.85775248933143
MS,8:2 FTS,0.0,0.0,1406,0.0,100.0
MS,9Cl-PF3ONS,0.0,0.0,1406,0.0,100.0
MS,ADONA,0.0,0.0,1406,0.0,100.0
MS,HFPO-DA,0.0,0.0,1406,0.0,100.0
MS,NETFOSAA,0.0,0.0,1422,0.0,100.0
MS,NFDHA,0.0,0.0,1406,0.0,100.0
MS,NMEFOSAA,0.0,0.0,1422,0.0,100.0
MS,PFBA,0.0,8.200000000000001,1406,0.1422475106685633,99.85775248933143
MS,PFBS,0.0,10.4,1406,0.4978662873399715,99.50213371266003
MS,PFDA,0.0,0.0,1406,0.0,100.0
MS,PFDoA,0.0,0.0,1406,0.0,100.0
MS,PFEESA,0.0,0.0,1406,0.0,100.0
MS,PFHpA,0.0,3.0,1406,0.1422475106685633,99.85775248933143
MS,PFHpS,0.0,0.0,1406,0.0,100.0
MS,PFHxA,0.0,15.0,1406,0.35561877667140823,99.6443812233286
MS,PFHxS,0.0,13.6,1406,0.2844950213371266,99.71550497866288
MS,PFMBA,0.0,0.0,1406,0.0,100.0
MS,PFMPA,0.0,0.0,1406,0.0,100.0
MS,PFNA,0.0,0.0,1406,0.0,100.0
MS,PFOA,0.0,6.2,1406,0.35561877667140823,99.6443812233286
MS,PFOS,0.0,72.2,1406,0.2844950213371266,99.71550497866288
MS,PFPeA,0.0,24.5,1406,0.35561877667140823,99.6443812233286
MS,PFPeS,0.0,0.0,1406,0.0,100.0
MS,PFTA,0.0,0.0,1422,0.0,100.0
MS,PFTrDA,0.0,0.0,1422,0.0,100.0
MS,PFUnA,0.0,0.0,1406,0.0,100.0
MT,11Cl-PF3OUDS,0.0,0.0,239,0.0,100.0
MT,4:2 FTS,0.0,0.0,239,0.0,100.0
MT,6:2 FTS,0.0,0.0,239,0.0,100.0
MT,8:2 FTS,0.0,0.0,239,0.0,100.0
MT,9Cl-PF3ONS,0.0,0.0,239,0.0,100.0
MT,ADONA,0.0,0.0,239,0.0,100.0
MT,HFPO-DA,0.0,0.0,239,0.0,100.0
MT,NETFOSAA,0.0,0.0,243,0.0,100.0
MT,NFDHA,0.0,0.0,239,0.0,100.0
MT,NMEFOSAA,0.0,0.0,243,0.0,100.0
MT,PFBA,0.0,7.0,239,1.6736401673640167,98.32635983263599
MT,PFBS,0.0,3.1,239,0.41841004184100417,99.581589958159
MT,PFDA,0.0,0.0,239,0.0,100.0
MT,PFDoA,0.0,0.0,239,0.0,100.0
MT,PFEESA,0.0,0.0,239,0.0,100.0
MT,PFHpA,0.0,0.0,239,0.0,100.0
MT,PFHpS,0.0,0.0,239,0.0,100.0
MT,PFHxA,0.0,0.0,239,0.0,100.0
MT,PFHxS,0.0,5.0,239,0.8368200836820083,99.16317991631799
MT,PFMBA,0.0,0.0,239,0.0,100.0
MT,PFMPA,0.0,0.0,239,0.0,100.0
MT,PFNA,0.0,0.0,239,0.0,100.0
MT,PFOA,0.0,0.0,239,0.0,100.0
MT,PFOS,0.0,6.6,239,0.8368200836820083,99.16317991631799
MT,PFPeA,0.0,0.0,239,0.0,100.0
MT,PFPeS,0.0,0.0,239,0.0,100.0
MT,PFTA,0.0,0.0,243,0.0,100.0
MT,PFTrDA,0.0,0.0,243,0.0,100.0
MT,PFUnA,0.0,0.0,239,0.0,100.0
NC,11Cl-PF3OUDS,0.0,0.0,2101,0.0,100.0
NC,4:2 FTS,0.0,0.0,2101,0.0,100.0
NC,6:2 FTS,0.0,17.0,2101,0.47596382674916704,99.52403617325083
NC,8:2 FTS,0.0,0.0,2101,0.0,100.0
NC,9Cl-PF3ONS,0.0,0.0,2101,0.0,100.0
NC,ADONA,0.0,0.0,2101,0.0,100.0
NC,HFPO-DA,0.0,34.0,2101,0.47596382674916704,99.52403617325083
NC,NETFOSAA,0.0,0.0,2142,0.0,100.0
NC,NFDHA,0.0,0.0,2101,0.0,100.0
NC,NMEFOSAA,0.0,0.0,2142,0.0,100.0
NC,PFBA,0.0,17.8,2101,7.948595906711089,92.05140409328891
NC,PFBS,0.0,63.3,2101,15.706806282722512,84.29319371727749
NC,PFDA,0.0,0.0,2101,0.0,100.0
NC,PFDoA,0.0,0.0,2101,0.0,100.0
NC,PFEESA,0.0,0.0,2101,0.0,100.0
NC,PFHpA,0.0,16.0,2100,6.714285714285714,93.28571428571429
NC,PFHpS,0.0,3.6,2101,0.047596382674916705,99.95240361732509
NC,PFHxA,0.0,57.3,2100,19.0,81.0
NC,PFHxS,0.0,152.60000000000002,2100,12.428571428571429,87.57142857142857
NC,PFMBA,0.0,0.0,2101,0.0,100.0
NC,PFMPA,0.0,0.0,2101,0.0,100.0
NC,PFNA,0.0,0.0,2101,0.0,100.0
NC,PFOA,0.0,30.0,2100,15.380952380952381,84.61904761904762
NC,PFOS,0.0,490.0,2100,21.619047619047617,78.38095238095238
NC,PFPeA,0.0,60.6,2100,20.142857142857142,79.85714285714286
NC,PFPeS,0.0,36.4,2101,0.19038553069966682,99.80961446930033
NC,PFTA,0.0,0.0,2142,0.0,100.0
NC,PFTrDA,0.0,0.0,2142,0.0,100.0
NC,PFUnA,0.0,0.0,2101,0.0,100.0
ND,11Cl-PF3OUDS,0.0,0.0,110,0.0,100.0
ND,4:2 FTS,0.0,0.0,110,0.0,100.0
ND,6:2 FTS,0.0,0.0,110,0.0,100.0
ND,8:2 FTS,0.0,0.0,110,0.0,100.0
ND,9Cl-PF3ONS,0.0,0.0,110,0.0,100.0
ND,ADONA,0.0,0.0,110,0.0,100.0
ND,HFPO-DA,0.0,0.0,110,0.0,100.0
ND,NETFOSAA,0.0,0.0,110,0.0,100.0
ND,NFDHA,0.0,0.0,110,0.0,100.0
ND,NMEFOSAA,0.0,0.0,110,0.0,100.0
ND,PFBA,0.0,10.4,110,7.2727272727272725,92.72727272727273
ND,PFBS,0.0,0.0,110,0.0,100.0
ND,PFDA,0.0,0.0,110,0.0,100.0
ND,PFDoA,0.0,0.0,110,0.0,100.0
ND,PFEESA,0.0,0.0,110,0.0,100.0
ND,PFHpA,0.0,0.0,110,0.0,100.0
ND,PFHpS,0.0,0.0,110,0.0,100.0
ND,PFHxA,0.0,0.0,110,0.0,100.0
ND,PFHxS,0.0,0.0,110,0.0,100.0
ND,PFMBA,0.0,0.0,110,0.0,100.0
ND,PFMPA,0.0,0.0,110,0.0,100.0
ND,PFNA,0.0,0.0,110,0.0,100.0
ND,PFOA,0.0,0.0,110,0.0,100.0
ND,PFOS,0.0,0.0,110,0.0,100.0
ND,PFPeA,0.0,3.0,110,0.9090909090909091,99.0909090909091
ND,PFPeS,0.0,0.0,110,0.0,100.0
ND,PFTA,0.0,0.0,110,0.0,100.0
ND,PFTrDA,0.0,0.0,110,0.0,100.0
ND,PFUnA,0.0,0.0,110,0.0,100.0
NE,11Cl-PF3OUDS,0.0,0.0,371,0.0,100.0
NE,4:2 FTS,0.0,0.0,371,0.0,100.0
NE,6:2 FTS,0.0,0.0,371,0.0,100.0
NE,8:2 FTS,0.0,0.0,371,0.0,100.0
NE,9Cl-PF3ONS,0.0,0.0,371,0.0,100.0
NE,ADONA,0.0,0.0,371,0.0,100.0
NE,HFPO-DA,0.0,0.0,371,0.0,100.0
NE,NETFOSAA,0.0,0.0,370,0.0,100.0
NE,NFDHA,0.0,0.0,371,0.0,100.0
NE,NMEFOSAA,0.0,0.0,370,0.0,100.0
NE,PFBA,0.0,7.7,371,0.2695417789757413,99.73045822102426
NE,PFBS,0.0,5.6,371,1.078167115902965,98.92183288409703
NE,PFDA,0.0,0.0,371,0.0,100.0
NE,PFDoA,0.0,0.0,371,0.0,100.0
NE,PFEESA,0.0,0.0,371,0.0,100.0
NE,PFHpA,0.0,0.0,371,0.0,100.0
NE,PFHpS,0.0,0.0,371,0.0,100.0
NE,PFHxA,0.0,0.0,371,0.0,100.0
NE,PFHxS,0.0,24.6,371,2.4258760107816713,97.57412398921832
NE,PFMBA,0.0,0.0,371,0.0,100.0
NE,PFMPA,0.0,0.0,371,0.0,100.0
NE,PFNA,0.0,0.0,371,0.0,100.0
NE,PFOA,0.0,0.0,371,0.0,100.0
NE,PFOS,0.0,18.5,371,1.6172506738544474,98.38274932614556
NE,PFPeA,0.0,3.4,371,0.2695417789757413,99.73045822102426
NE,PFPeS,0.0,0.0,371,0.0,100.0
NE,PFTA,0.0,0.0,370,0.0,100.0
NE,PFTrDA,0.0,0.0,370,0.0,100.0
NE,PFUnA,0.0,0.0,371,0.0,100.0
NH,11Cl-PF3OUDS,0.0,0.0,263,0.0,100.0
NH,4:2 FTS,0.0,0.0,263,0.0,100.0
NH,6:2 FTS,0.0,0.0,263,0.0,100.0
NH,8:2 FTS,0.0,0.0,263,0.0,100.0
NH,9Cl-PF3ONS,0.0,0.0,263,0.0,100.0
NH,ADONA,0.0,0.0,263,0.0,100.0
NH,HFPO-DA,0.0,0.0,263,0.0,100.0
NH,NETFOSAA,0.0,0.0,262,0.0,100.0
NH,NFDHA,0.0,0.0,263,0.0,100.0
NH,NMEFOSAA,0.0,0.0,262,0.0,100.0
NH,PFBA,0.0,28.0,263,2.2813688212927756,97.71863117870723
NH,PFBS,0.0,9.0,263,5.7034220532319395,94.29657794676805
NH,PFDA,0.0,0.0,263,0.0,100.0
NH,PFDoA,0.0,0.0,263,0.0,100.0
NH,PFEESA,0.0,0.0,263,0.0,100.0
NH,PFHpA,0.0,3.0,263,1.1406844106463878,98.85931558935361
NH,PFHpS,0.0,0.0,263,0.0,100.0
NH,PFHxA,0.0,10.1,263,10.26615969581749,89.73384030418251
NH,PFHxS,0.0,11.0,263,1.9011406844106464,98.09885931558935
NH,PFMBA,0.0,0.0,263,0.0,100.0
NH,PFMPA,0.0,0.0,263,0.0,100.0
NH,PFNA,0.0,0.0,263,0.0,100.0
NH,PFOA,0.0,9.0,263,19.39163498098859,80.60836501901142
NH,PFOS,0.0,7.8,263,4.182509505703422,95.81749049429658
NH,PFPeA,0.0,25.1,263,8.365019011406844,91.63498098859316
NH,PFPeS,0.0,0.0,263,0.0,100.0
NH,PFTA,0.0,0.0,262,0.0,100.0
NH,PFTrDA,0.0,0.0,262,0.0,100.0
NH,PFUnA,0.0,0.0,263,0.0,100.0
NJ,11Cl-PF3OUDS,0.0,0.0,1797,0.0,100.0
NJ,4:2 FTS,0.0,0.0,1797,0.0,100.0
NJ,6:2 FTS,0.0,21.0,1797,0.22259321090706735,99.77740678909294
NJ,8:2 FTS,0.0,0.0,1797,0.0,100.0
NJ,9Cl-PF3ONS,0.0,0.0,1797,0.0,100.0
NJ,ADONA,0.0,0.0,1797,0.0,100.0
NJ,HFPO-DA,0.0,14.0,1797,0.27824151363383415,99.72175848636617
NJ,NETFOSAA,0.0,0.0,1805,0.0,100.0
NJ,NFDHA,0.0,0.0,1796,0.0,100.0
NJ,NMEFOSAA,0.0,0.0,1805,0.0,100.0
NJ,PFBA,0.0,65.0,1797,10.740122426266,89.259877573734
NJ,PFBS,0.0,15.0,1796,12.138084632516703,87.86191536748329
NJ,PFDA,0.0,0.0,1796,0.0,100.0
NJ,PFDoA,0.0,0.0,1797,0.0,100.0
NJ,PFEESA,0.0,0.0,1797,0.0,100.0
NJ,PFHpA,0.0,15.0,1797,7.790762381747357,92.20923761825264
NJ,PFHpS,0.0,3.0,1797,0.05564830272676684,99.94435169727323
NJ,PFHxA,0.0,37.0,1796,27.44988864142539,72.55011135857461
NJ,PFHxS,0.0,13.799999999999999,1795,8.969359331476323,91.03064066852367
NJ,PFMBA,0.0,0.0,1797,0.0,100.0
NJ,PFMPA,0.0,0.0,1797,0.0,100.0
NJ,PFNA,0.0,73.3,1797,1.3912075681691707,98.60879243183084
NJ,PFOA,0.0,44.0,1796,39.42093541202672,60.57906458797328
NJ,PFOS,0.0,38.1,1794,18.394648829431436,81.60535117056857
NJ,PFPeA,0.0,35.0,1796,29.287305122494434,70.71269487750557
NJ,PFPeS,0.0,5.1000000000000005,1797,0.1669449081803005,99.8330550918197
NJ,PFTA,0.0,0.0,1805,0.0,100.0
NJ,PFTrDA,0.0,0.0,1805,0.0,100.0
NJ,PFUnA,0.0,0.0,1796,0.0,100.0
NM,11Cl-PF3OUDS,0.0,0.0,478,0.0,100.0
NM,4:2 FTS,0.0,0.0,478,0.0,100.0
NM,6:2 FTS,0.0,16.0,478,0.41841004184100417,99.581589958159
NM,8:2 FTS,0.0,0.0,478,0.0,100.0
NM,9Cl-PF3ONS,0.0,0.0,478,0.0,100.0
NM,ADONA,0.0,0.0,478,0.0,100.0
NM,HFPO-DA,0.0,0.0,478,0.0,100.0
NM,NETFOSAA,0.0,0.0,486,0.0,100.0
NM,NFDHA,0.0,0.0,478,0.0,100.0
NM,NMEFOSAA,0.0,0.0,486,0.0,100.0
NM,PFBA,0.0,20.0,478,1.6736401673640167,98.32635983263599
NM,PFBS,0.0,30.5,478,1.882845188284519,98.11715481171548
NM,PFDA,0.0,0.0,478,0.0,100.0
NM,PFDoA,0.0,0.0,478,0.0,100.0
NM,PFEESA,0.0,0.0,478,0.0,100.0
NM,PFHpA,0.0,6.0,478,0.8368200836820083,99.16317991631799
NM,PFHpS,0.0,0.0,478,0.0,100.0
NM,PFHxA,0.0,28.0,478,1.6736401673640167,98.32635983263599
NM,PFHxS,0.0,17.7,478,0.8368200836820083,99.16317991631799
NM,PFMBA,0.0,0.0,478,0.0,100.0
NM,PFMPA,0.0,0.0,478,0.0,100.0
NM,PFNA,0.0,0.0,478,0.0,100.0
NM,PFOA,0.0,7.4,478,0.41841004184100417,99.581589958159
NM,PFOS,0.0,6.7,478,0.6276150627615062,99.3723849372385
NM,PFPeA,0.0,42.0,478,2.092050209205021,97.90794979079497
NM,PFPeS,0.0,6.1000000000000005,478,0.41841004184100417,99.581589958159
NM,PFTA,0.0,0.0,486,0.0,100.0
NM,PFTrDA,0.0,0.0,486,0.0,100.0
NM,PFUnA,0.0,0.0,478,0.0,100.0
NN,11Cl-PF3OUDS,0.0,0.0,73,0.0,100.0
NN,4:2 FTS,0.0,0.0,73,0.0,100.0
NN,6:2 FTS,0.0,5.1000000000000005,73,1.36986301369863,98.63013698630137
NN,8:2 FTS,0.0,0.0,73,0.0,100.0
NN,9Cl-PF3ONS,0.0,0.0,73,0.0,100.0
NN,ADONA,0.0,0.0,73,0.0,100.0
NN,HFPO-DA,0.0,0.0,73,0.0,100.0
NN,NETFOSAA,0.0,0.0,73,0.0,100.0
NN,NFDHA,0.0,0.0,73,0.0,100.0
NN,NMEFOSAA,0.0,0.0,73,0.0,100.0
NN,PFBA,0.0,0.0,73,0.0,100.0
NN,PFBS,0.0,0.0,73,0.0,100.0
NN,PFDA,0.0,0.0,73,0.0,100.0
NN,PFDoA,0.0,0.0,73,0.0,100.0
NN,PFEESA,0.0,0.0,73,0.0,100.0
NN,PFHpA,0.0,0.0,73,0.0,100.0
NN,PFHpS,0.0,0.0,73,0.0,100.0
NN,PFHxA,0.0,4.0,73,1.36986301369863,98.63013698630137
NN,PFHxS,0.0,6.1000000000000005,73,2.73972602739726,97.26027397260275
NN,PFMBA,0.0,0.0,73,0.0,100.0
NN,PFMPA,0.0,0.0,73,0.0,100.0
NN,PFNA,0.0,0.0,73,0.0,100.0
NN,PFOA,0.0,0.0,73,0.0,100.0
NN,PFOS,0.0,0.0,73,0.0,100.0
NN,PFPeA,0.0,3.6,73,1.36986301369863,98.63013698630137
NN,PFPeS,0.0,0.0,73,0.0,100.0
NN,PFTA,0.0,0.0,73,0.0,100.0
NN,PFTrDA,0.0,0.0,73,0.0,100.0
NN,PFUnA,0.0,0.0,73,0.0,100.0
NV,11Cl-PF3OUDS,0.0,0.0,531,0.0,100.0
NV,4:2 FTS,0.0,0.0,531,0.0,100.0
NV,6:2 FTS,0.0,0.0,531,0.0,100.0
NV,8:2 FTS,0.0,0.0,531,0.0,100.0
NV,9Cl-PF3ONS,0.0,0.0,531,0.0,100.0
NV,ADONA,0.0,0.0,531,0.0,100.0
NV,HFPO-DA,0.0,0.0,531,0.0,100.0
NV,NETFOSAA,0.0,0.0,531,0.0,100.0
NV,NFDHA,0.0,0.0,531,0.0,100.0
NV,NMEFOSAA,0.0,0.0,531,0.0,100.0
NV,PFBA,0.0,6.8,531,0.5649717514124294,99.43502824858757
NV,PFBS,0.0,15.0,531,2.824858757062147,97.17514124293785
NV,PFDA,0.0,0.0,531,0.0,100.0
NV,PFDoA,0.0,0.0,531,0.0,100.0
NV,PFEESA,0.0,0.0,531,0.0,100.0
NV,PFHpA,0.0,3.9,531,0.18832391713747645,99.81167608286252
NV,PFHpS,0.0,0.0,531,0.0,100.0
NV,PFHxA,0.0,12.0,531,3.2015065913371,96.7984934086629
NV,PFHxS,0.0,29.0,531,4.8964218455743875,95.1035781544256
NV,PFMBA,0.0,0.0,531,0.0,100.0
NV,PFMPA,0.0,0.0,531,0.0,100.0
NV,PFNA,0.0,0.0,531,0.0,100.0
NV,PFOA,0.0,5.8999999999999995,531,1.1299435028248588,98.87005649717514
NV,PFOS,0.0,46.0,531,1.8832391713747645,98.11676082862523
NV,PFPeA,0.0,13.0,531,2.824858757062147,97.17514124293785
NV,PFPeS,0.0,7.0,531,0.3766478342749529,99.62335216572505
NV,PFTA,0.0,0.0,531,0.0,100.0
NV,PFTrDA,0.0,0.0,531,0.0,100.0
NV,PFUnA,0.0,0.0,531,0.0,100.0
NY,11Cl-PF3OUDS,0.0,0.0,2260,0.0,100.0
NY,4:2 FTS,0.0,0.0,2260,0.0,100.0
NY,6:2 FTS,0.0,70.0,2260,0.5309734513274336,99.46902654867256
NY,8:2 FTS,0.0,0.0,2260,0.0,100.0
NY,9Cl-PF3ONS,0.0,0.0,2260,0.0,100.0
NY,ADONA,0.0,0.0,2260,0.0,100.0
NY,HFPO-DA,0.0,0.0,2260,0.0,100.0
NY,NETFOSAA,0.0,0.0,2276,0.0,100.0
NY,NFDHA,0.0,0.0,2259,0.0,100.0
NY,NMEFOSAA,0.0,7.1000000000000005,2276,0.04393673110720562,99.95606326889279
NY,PFBA,0.0,122.5,2260,3.4513274336283186,96.54867256637168
NY,PFBS,0.0,19.0,2260,1.9026548672566372,98.09734513274336
NY,PFDA,0.0,0.0,2260,0.0,100.0
NY,PFDoA,0.0,0.0,2260,0.0,100.0
NY,PFEESA,0.0,0.0,2260,0.0,100.0
NY,PFHpA,0.0,45.5,2260,1.4601769911504425,98.53982300884955
NY,PFHpS,0.0,0.0,2260,0.0,100.0
NY,PFHxA,0.0,69.0,2260,6.283185840707965,93.71681415929203
NY,PFHxS,0.0,51.6,2260,2.2123893805309733,97.78761061946902
NY,PFMBA,0.0,0.0,2260,0.0,100.0
NY,PFMPA,0.0,0.0,2260,0.0,100.0
NY,PFNA,0.0,29.6,2259,0.9738822487826472,99.02611775121736
NY,PFOA,0.0,27.799999999999997,2259,6.241699867197875,93.75830013280212
NY,PFOS,0.0,106.0,2259,2.5232403718459495,97.47675962815406
NY,PFPeA,0.0,106.0,2259,7.923860115095175,92.07613988490482
NY,PFPeS,0.0,7.0,2259,0.17706949977866313,99.82293050022133
NY,PFTA,0.0,0.0,2276,0.0,100.0
NY,PFTrDA,0.0,0.0,2276,0.0,100.0
NY,PFUnA,0.0,0.0,2259,0.0,100.0
OH,11Cl-PF3OUDS,0.0,0.0,1086,0.0,100.0
OH,4:2 FTS,0.0,0.0,1086,0.0,100.0
OH,6:2 FTS,0.0,20.1,1086,0.1841620626151013,99.8158379373849
OH,8:2 FTS,0.0,0.0,1086,0.0,100.0
OH,9Cl-PF3ONS,0.0,0.0,1086,0.0,100.0
OH,ADONA,0.0,0.0,1086,0.0,100.0
OH,HFPO-DA,0.0,6.7,1086,0.7366482504604052,99.2633517495396
OH,NETFOSAA,0.0,0.0,1091,0.0,100.0
OH,NFDHA,0.0,0.0,1086,0.0,100.0
OH,NMEFOSAA,0.0,0.0,1091,0.0,100.0
OH,PFBA,0.0,21.0,1084,10.239852398523986,89.760147601476
OH,PFBS,0.0,220.0,1086,8.56353591160221,91.43646408839778
OH,PFDA,0.0,0.0,1086,0.0,100.0
OH,PFDoA,0.0,0.0,1086,0.0,100.0
OH,PFEESA,0.0,0.0,1086,0.0,100.0
OH,PFHpA,0.0,5.4,1086,0.8287292817679558,99.17127071823204
OH,PFHpS,0.0,0.0,1086,0.0,100.0
OH,PFHxA,0.0,51.8,1086,8.195211786372008,91.80478821362799
OH,PFHxS,0.0,19.0,1086,6.445672191528545,93.55432780847146
OH,PFMBA,0.0,0.0,1086,0.0,100.0
OH,PFMPA,0.0,0.0,1086,0.0,100.0
OH,PFNA,0.0,4.6,1086,0.1841620626151013,99.8158379373849
OH,PFOA,0.0,20.0,1086,5.432780847145488,94.5672191528545
OH,PFOS,0.0,28.9,1086,7.274401473296501,92.7255985267035
OH,PFPeA,0.0,90.39999999999999,1086,10.589318600368323,89.41068139963167
OH,PFPeS,0.0,0.0,1086,0.0,100.0
OH,PFTA,0.0,0.0,1091,0.0,100.0
OH,PFTrDA,0.0,0.0,1091,0.0,100.0
OH,PFUnA,0.0,0.0,1086,0.0,100.0
OK,11Cl-PF3OUDS,0.0,0.0,949,0.0,100.0
OK,4:2 FTS,0.0,0.0,949,0.0,100.0
OK,6:2 FTS,0.0,11.2,949,0.10537407797681769,99.89462592202318
OK,8:2 FTS,0.0,0.0,949,0.0,100.0
OK,9Cl-PF3ONS,0.0,3.4,949,0.10537407797681769,99.89462592202318
OK,ADONA,0.0,0.0,949,0.0,100.0
OK,HFPO-DA,0.0,0.0,949,0.0,100.0
OK,NETFOSAA,0.0,0.0,977,0.0,100.0
OK,NFDHA,0.0,0.0,949,0.0,100.0
OK,NMEFOSAA,0.0,0.0,977,0.0,100.0
OK,PFBA,0.0,14.0,949,10.1159114857745,89.8840885142255
OK,PFBS,0.0,5.8999999999999995,949,3.0558482613277134,96.94415173867229
OK,PFDA,0.0,0.0,949,0.0,100.0
OK,PFDoA,0.0,0.0,949,0.0,100.0
OK,PFEESA,0.0,0.0,949,0.0,100.0
OK,PFHpA,0.0,3.4,949,0.31612223393045313,99.68387776606954
OK,PFHpS,0.0,0.0,949,0.0,100.0
OK,PFHxA,0.0,8.3,949,3.371970495258166,96.62802950474183
OK,PFHxS,0.0,22.0,949,3.5827186512118017,96.4172813487882
OK,PFMBA,0.0,0.0,949,0.0,100.0
OK,PFMPA,0.0,0.0,949,0.0,100.0
OK,PFNA,0.0,0.0,949,0.0,100.0
OK,PFOA,0.0,5.3,949,0.5268703898840885,99.4731296101159
OK,PFOS,0.0,51.3,949,3.0558482613277134,96.94415173867229
OK,PFPeA,0.0,8.0,949,4.952581664910432,95.04741833508957
OK,PFPeS,0.0,0.0,949,0.0,100.0
OK,PFTA,0.0,0.0,977,0.0,100.0
OK,PFTrDA,0.0,0.0,977,0.0,100.0
OK,PFUnA,0.0,0.0,949,0.0,100.0
OR,11Cl-PF3OUDS,0.0,0.0,662,0.0,100.0
OR,4:2 FTS,0.0,0.0,662,0.0,100.0
OR,6:2 FTS,0.0,41.300000000000004,662,0.3021148036253776,99.69788519637463
OR,8:2 FTS,0.0,8.0,662,0.1510574018126888,99.8489425981873
OR,9Cl-PF3ONS,0.0,0.0,662,0.0,100.0
OR,ADONA,0.0,0.0,662,0.0,100.0
OR,HFPO-DA,0.0,0.0,662,0.0,100.0
OR,NETFOSAA,0.0,0.0,667,0.0,100.0
OR,NFDHA,0.0,0.0,662,0.0,100.0
OR,NMEFOSAA,0.0,0.0,667,0.0,100.0
OR,PFBA,0.0,10.5,661,0.30257186081694404,99.69742813918306
OR,PFBS,0.0,15.5,661,2.4205748865355523,97.57942511346445
OR,PFDA,0.0,0.0,662,0.0,100.0
OR,PFDoA,0.0,0.0,662,0.0,100.0
OR,PFEESA,0.0,0.0,662,0.0,100.0
OR,PFHpA,0.0,7.1000000000000005,662,0.6042296072507553,99.39577039274924
OR,PFHpS,0.0,0.0,662,0.0,100.0
OR,PFHxA,0.0,13.899999999999999,662,0.7552870090634441,99.24471299093656
OR,PFHxS,0.0,33.4,661,2.4205748865355523,97.57942511346445
OR,PFMBA,0.0,0.0,662,0.0,100.0
OR,PFMPA,0.0,0.0,662,0.0,100.0
OR,PFNA,0.0,0.0,662,0.0,100.0
OR,PFOA,0.0,9.299999999999999,662,1.0574018126888218,98.94259818731118
OR,PFOS,0.0,12.0,661,3.6308623298033282,96.36913767019666
OR,PFPeA,0.0,18.599999999999998,662,0.906344410876133,99.09365558912387
OR,PFPeS,0.0,9.799999999999999,662,0.3021148036253776,99.69788519637463
OR,PFTA,0.0,0.0,667,0.0,100.0
OR,PFTrDA,0.0,0.0,667,0.0,100.0
OR,PFUnA,0.0,0.0,662,0.0,100.0
PA,11Cl-PF3OUDS,0.0,0.0,2404,0.0,100.0
PA,4:2 FTS,0.0,0.0,2404,0.0,100.0
PA,6:2 FTS,0.0,202.2,2404,0.33277870216306155,99.66722129783693
PA,8:2 FTS,0.0,41.9,2404,0.08319467554076539,99.91680532445923
PA,9Cl-PF3ONS,0.0,0.0,2404,0.0,100.0
PA,ADONA,0.0,0.0,2404,0.0,100.0
PA,HFPO-DA,0.0,0.0,2404,0.0,100.0
PA,NETFOSAA,0.0,0.0,2405,0.0,100.0
PA,NFDHA,0.0,0.0,2404,0.0,100.0
PA,NMEFOSAA,0.0,0.0,2405,0.0,100.0
PA,PFBA,0.0,57.3,2403,9.404910528506035,90.59508947149396
PA,PFBS,0.0,43.0,2402,23.355537052456288,76.64446294754372
PA,PFDA,0.0,7.0,2404,0.08319467554076539,99.91680532445923
PA,PFDoA,0.0,0.0,2404,0.0,100.0
PA,PFEESA,0.0,0.0,2404,0.0,100.0
PA,PFHpA,0.0,43.5,2404,7.695507487520799,92.3044925124792
PA,PFHpS,0.0,0.0,2404,0.0,100.0
PA,PFHxA,0.0,94.60000000000001,2404,20.632279534109816,79.36772046589019
PA,PFHxS,0.0,33.2,2404,7.196339434276207,92.80366056572379
PA,PFMBA,0.0,0.0,2404,0.0,100.0
PA,PFMPA,0.0,0.0,2404,0.0,100.0
PA,PFNA,0.0,99.8,2403,2.1223470661672907,97.8776529338327
PA,PFOA,0.0,235.0,2404,18.136439267886857,81.86356073211314
PA,PFOS,0.0,153.0,2403,17.3116937161881,82.6883062838119
PA,PFPeA,0.0,195.70000000000002,2403,24.178110694964627,75.82188930503537
PA,PFPeS,0.0,0.0,2404,0.0,100.0
PA,PFTA,0.0,0.0,2405,0.0,100.0
PA,PFTrDA,0.0,0.0,2405,0.0,100.0
PA,PFUnA,0.0,22.2,2404,0.20798668885191346,99.79201331114808
PR,11Cl-PF3OUDS,0.0,0.0,674,0.0,100.0
PR,4:2 FTS,0.0,0.0,674,0.0,100.0
PR,6:2 FTS,0.0,49.0,674,0.5934718100890208,99.40652818991097
PR,8:2 FTS,0.0,15.299999999999999,674,0.1483679525222552,99.85163204747775
PR,9Cl-PF3ONS,0.0,0.0,674,0.0,100.0
PR,ADONA,0.0,0.0,674,0.0,100.0
PR,HFPO-DA,0.0,0.0,674,0.0,100.0
PR,NETFOSAA,0.0,0.0,672,0.0,100.0
PR,NFDHA,0.0,0.0,674,0.0,100.0
PR,NMEFOSAA,0.0,0.0,672,0.0,100.0
PR,PFBA,0.0,54.0,674,5.044510385756676,94.95548961424332
PR,PFBS,0.0,42.0,674,9.940652818991099,90.0593471810089
PR,PFDA,0.0,12.4,674,0.44510385756676557,99.55489614243324
PR,PFDoA,0.0,4.7,674,0.44510385756676557,99.55489614243324
PR,PFEESA,0.0,0.0,674,0.0,100.0
PR,PFHpA,0.0,13.0,674,0.2967359050445104,99.70326409495549
PR,PFHpS,0.0,0.0,674,0.0,100.0
PR,PFHxA,0.0,260.0,674,3.4124629080118694,96.58753709198812
PR,PFHxS,0.0,16.7,674,3.2640949554896146,96.73590504451039
PR,PFMBA,0.0,0.0,674,0.0,100.0
PR,PFMPA,0.0,0.0,674,0.0,100.0
PR,PFNA,0.0,0.0,674,0.0,100.0
PR,PFOA,0.0,22.0,674,1.3353115727002967,98.66468842729971
PR,PFOS,0.0,46.699999999999996,673,16.344725111441306,83.6552748885587
PR,PFPeA,0.0,110.0,674,5.489614243323442,94.51038575667656
PR,PFPeS,0.0,0.0,674,0.0,100.0
PR,PFTA,0.0,0.0,672,0.0,100.0
PR,PFTrDA,0.0,0.0,672,0.0,100.0
PR,PFUnA,0.0,0.0,674,0.0,100.0
RI,11Cl-PF3OUDS,0.0,0.0,152,0.0,100.0
RI,4:2 FTS,0.0,0.0,152,0.0,100.0
RI,6:2 FTS,0.0,8.4,152,1.3157894736842104,98.6842105263158
RI,8:2 FTS,0.0,0.0,152,0.0,100.0
RI,9Cl-PF3ONS,0.0,0.0,152,0.0,100.0
RI,ADONA,0.0,0.0,152,0.0,100.0
RI,HFPO-DA,0.0,0.0,152,0.0,100.0
RI,NETFOSAA,0.0,0.0,156,0.0,100.0
RI,NFDHA,0.0,0.0,152,0.0,100.0
RI,NMEFOSAA,0.0,0.0,156,0.0,100.0
RI,PFBA,0.0,12.0,152,3.9473684210526314,96.05263157894737
RI,PFBS,0.0,36.8,152,15.789473684210526,84.21052631578948
RI,PFDA,0.0,0.0,152,0.0,100.0
RI,PFDoA,0.0,0.0,152,0.0,100.0
RI,PFEESA,0.0,0.0,152,0.0,100.0
RI,PFHpA,0.0,6.0,152,7.894736842105263,92.10526315789474
RI,PFHpS,0.0,0.0,152,0.0,100.0
RI,PFHxA,0.0,11.2,152,23.026315789473685,76.97368421052632
RI,PFHxS,0.0,8.6,152,5.921052631578947,94.07894736842105
RI,PFMBA,0.0,0.0,152,0.0,100.0
RI,PFMPA,0.0,0.0,152,0.0,100.0
RI,PFNA,0.0,7.0,152,1.3157894736842104,98.6842105263158
RI,PFOA,0.0,16.0,152,22.36842105263158,77.63157894736842
RI,PFOS,0.0,6.7,152,9.210526315789473,90.78947368421052
RI,PFPeA,0.0,12.3,152,24.342105263157894,75.65789473684211
RI,PFPeS,0.0,0.0,152,0.0,100.0
RI,PFTA,0.0,0.0,156,0.0,100.0
RI,PFTrDA,0.0,0.0,156,0.0,100.0
RI,PFUnA,0.0,0.0,152,0.0,100.0
SC,11Cl-PF3OUDS,0.0,0.0,941,0.0,100.0
SC,4:2 FTS,0.0,0.0,941,0.0,100.0
SC,6:2 FTS,0.0,0.0,941,0.0,100.0
SC,8:2 FTS,0.0,0.0,941,0.0,100.0
SC,9Cl-PF3ONS,0.0,0.0,941,0.0,100.0
SC,ADONA,0.0,0.0,941,0.0,100.0
SC,HFPO-DA,0.0,95.8,941,7.7577045696068,92.2422954303932
SC,NETFOSAA,0.0,0.0,957,0.0,100.0
SC,NFDHA,0.0,0.0,941,0.0,100.0
SC,NMEFOSAA,0.0,0.0,957,0.0,100.0
SC,PFBA,0.0,9.700000000000001,941,4.1445270988310305,95.85547290116897
SC,PFBS,0.0,15.6,941,18.703506907545165,81.29649309245484
SC,PFDA,0.0,0.0,941,0.0,100.0
SC,PFDoA,0.0,0.0,941,0.0,100.0
SC,PFEESA,0.0,0.0,941,0.0,100.0
SC,PFHpA,0.0,6.5,941,5.419766206163656,94.58023379383634
SC,PFHpS,0.0,0.0,941,0.0,100.0
SC,PFHxA,0.0,32.9,941,22.52922422954304,77.47077577045695
SC,PFHxS,0.0,17.0,941,2.763018065887354,97.23698193411265
SC,PFMBA,0.0,0.0,941,0.0,100.0
SC,PFMPA,0.0,0.0,941,0.0,100.0
SC,PFNA,0.0,0.0,941,0.0,100.0
SC,PFOA,0.0,18.0,941,18.06588735387885,81.93411264612115
SC,PFOS,0.0,32.800000000000004,941,21.891604675876728,78.10839532412328
SC,PFPeA,0.0,39.9,941,23.379383634431456,76.62061636556854
SC,PFPeS,0.0,0.0,941,0.0,100.0
SC,PFTA,0.0,0.0,957,0.0,100.0
SC,PFTrDA,0.0,0.0,957,0.0,100.0
SC,PFUnA,0.0,0.0,941,0.0,100.0
SD,11Cl-PF3OUDS,0.0,0.0,198,0.0,100.0
SD,4:2 FTS,0.0,0.0,198,0.0,100.0
SD,6:2 FTS,0.0,0.0,198,0.0,100.0
SD,8:2 FTS,0.0,0.0,198,0.0,100.0
SD,9Cl-PF3ONS,0.0,0.0,198,0.0,100.0
SD,ADONA,0.0,0.0,198,0.0,100.0
SD,HFPO-DA,0.0,0.0,198,0.0,100.0
SD,NETFOSAA,0.0,0.0,199,0.0,100.0
SD,NFDHA,0.0,0.0,198,0.0,100.0
SD,NMEFOSAA,0.0,0.0,199,0.0,100.0
SD,PFBA,0.0,8.1,198,3.0303030303030303,96.96969696969697
SD,PFBS,0.0,3.2,198,0.5050505050505051,99.4949494949495
SD,PFDA,0.0,0.0,198,0.0,100.0
SD,PFDoA,0.0,0.0,198,0.0,100.0
SD,PFEESA,0.0,0.0,198,0.0,100.0
SD,PFHpA,0.0,0.0,198,0.0,100.0
SD,PFHpS,0.0,0.0,198,0.0,100.0
SD,PFHxA,0.0,0.0,198,0.0,100.0
SD,PFHxS,0.0,20.8,198,4.040404040404041,95.95959595959596
SD,PFMBA,0.0,0.0,198,0.0,100.0
SD,PFMPA,0.0,0.0,198,0.0,100.0
SD,PFNA,0.0,0.0,198,0.0,100.0
SD,PFOA,0.0,0.0,198,0.0,100.0
SD,PFOS,0.0,10.6,198,1.5151515151515151,98.48484848484848
SD,PFPeA,0.0,0.0,198,0.0,100.0
SD,PFPeS,0.0,0.0,198,0.0,100.0
SD,PFTA,0.0,0.0,199,0.0,100.0
SD,PFTrDA,0.0,0.0,199,0.0,100.0
SD,PFUnA,0.0,0.0,198,0.0,100.0
TN,11Cl-PF3OUDS,0.0,0.0,1228,0.0,100.0
TN,4:2 FTS,0.0,0.0,1228,0.0,100.0
TN,6:2 FTS,0.0,20.0,1228,0.24429967426710095,99.7557003257329
TN,8:2 FTS,0.0,0.0,1228,0.0,100.0
TN,9Cl-PF3ONS,0.0,0.0,1228,0.0,100.0
TN,ADONA,0.0,0.0,1228,0.0,100.0
TN,HFPO-DA,0.0,0.0,1228,0.0,100.0
TN,NETFOSAA,0.0,0.0,1225,0.0,100.0
TN,NFDHA,0.0,0.0,1227,0.0,100.0
TN,NMEFOSAA,0.0,0.0,1225,0.0,100.0
TN,PFBA,0.0,14.0,1228,5.944625407166123,94.05537459283387
TN,PFBS,0.0,49.0,1228,11.644951140065146,88.35504885993485
TN,PFDA,0.0,3.0,1228,0.08143322475570033,99.9185667752443
TN,PFDoA,0.0,0.0,1228,0.0,100.0
TN,PFEESA,0.0,0.0,1228,0.0,100.0
TN,PFHpA,0.0,14.0,1228,1.5472312703583062,98.45276872964169
TN,PFHpS,0.0,0.0,1228,0.0,100.0
TN,PFHxA,0.0,28.0,1228,5.537459283387622,94.46254071661238
TN,PFHxS,0.0,33.6,1228,1.6286644951140066,98.37133550488599
TN,PFMBA,0.0,0.0,1228,0.0,100.0
TN,PFMPA,0.0,0.0,1228,0.0,100.0
TN,PFNA,0.0,0.0,1228,0.0,100.0
TN,PFOA,0.0,35.0,1228,4.804560260586319,95.19543973941369
TN,PFOS,0.0,27.3,1227,5.297473512632437,94.70252648736756
TN,PFPeA,0.0,30.0,1228,5.130293159609121,94.86970684039088
TN,PFPeS,0.0,0.0,1228,0.0,100.0
TN,PFTA,0.0,0.0,1225,0.0,100.0
TN,PFTrDA,0.0,0.0,1224,0.0,100.0
TN,PFUnA,0.0,0.0,1228,0.0,100.0
TX,11Cl-PF3OUDS,0.0,0.0,6686,0.0,100.0
TX,4:2 FTS,0.0,0.0,6685,0.0,100.0
TX,6:2 FTS,0.0,672.0,6686,1.0768770565360455,98.92312294346395
TX,8:2 FTS,0.0,0.0,6686,0.0,100.0
TX,9Cl-PF3ONS,0.0,0.0,6685,0.0,100.0
TX,ADONA,0.0,3.4,6685,0.04487658937920718,99.95512341062079
TX,HFPO-DA,0.0,0.0,6686,0.0,100.0
TX,NETFOSAA,0.0,0.0,6735,0.0,100.0
TX,NFDHA,0.0,39.0,6685,0.07479431563201197,99.92520568436798
TX,NMEFOSAA,0.0,0.0,6735,0.0,100.0
TX,PFBA,0.0,125.0,6683,25.692054466556936,74.30794553344306
TX,PFBS,0.0,28.7,6683,12.135268591949723,87.86473140805028
TX,PFDA,0.0,0.0,6685,0.0,100.0
TX,PFDoA,0.0,0.0,6685,0.0,100.0
TX,PFEESA,0.0,0.0,6685,0.0,100.0
TX,PFHpA,0.0,12.4,6685,1.5407629020194464,98.45923709798055
TX,PFHpS,0.0,4.8999999999999995,6685,0.014958863126402395,99.98504113687359
TX,PFHxA,0.0,27.099999999999998,6684,18.073010173548774,81.92698982645123
TX,PFHxS,0.0,36.4,6685,6.611817501869859,93.38818249813013
TX,PFMBA,0.0,0.0,6685,0.0,100.0
TX,PFMPA,0.0,4.2,6685,0.014958863126402395,99.98504113687359
TX,PFNA,0.0,25.2,6685,0.07479431563201197,99.92520568436798
TX,PFOA,0.0,29.1,6685,1.3762154076290203,98.62378459237098
TX,PFOS,0.0,82.0,6685,3.679880329094989,96.32011967090502
TX,PFPeA,0.0,358.0,6681,21.538691812602902,78.4613081873971
TX,PFPeS,0.0,5.2,6685,0.08975317875841436,99.91024682124159
TX,PFTA,0.0,0.0,6735,0.0,100.0
TX,PFTrDA,0.0,0.0,6735,0.0,100.0
TX,PFUnA,0.0,2.7,6685,0.04487658937920718,99.95512341062079
UT,11Cl-PF3OUDS,0.0,0.0,1011,0.0,100.0
UT,4:2 FTS,0.0,0.0,1011,0.0,100.0
UT,6:2 FTS,0.0,55.0,1011,0.2967359050445104,99.70326409495549
UT,8:2 FTS,0.0,0.0,1011,0.0,100.0
UT,9Cl-PF3ONS,0.0,0.0,1011,0.0,100.0
UT,ADONA,0.0,0.0,1011,0.0,100.0
UT,HFPO-DA,0.0,0.0,1011,0.0,100.0
UT,NETFOSAA,0.0,0.0,1016,0.0,100.0
UT,NFDHA,0.0,0.0,1011,0.0,100.0
UT,NMEFOSAA,0.0,0.0,1016,0.0,100.0
UT,PFBA,0.0,13.0,1011,0.6923837784371909,99.30761622156281
UT,PFBS,0.0,17.0,1011,2.274975272007913,97.72502472799209
UT,PFDA,0.0,0.0,1011,0.0,100.0
UT,PFDoA,0.0,0.0,1011,0.0,100.0
UT,PFEESA,0.0,0.0,1011,0.0,100.0
UT,PFHpA,0.0,3.2,1011,0.19782393669634024,99.80217606330366
UT,PFHpS,0.0,0.0,1011,0.0,100.0
UT,PFHxA,0.0,12.0,1011,2.274975272007913,97.72502472799209
UT,PFHxS,0.0,22.0,1011,1.2858555885262115,98.71414441147378
UT,PFMBA,0.0,0.0,1011,0.0,100.0
UT,PFMPA,0.0,0.0,1011,0.0,100.0
UT,PFNA,0.0,0.0,1011,0.0,100.0
UT,PFOA,0.0,4.8,1011,0.4945598417408506,99.50544015825915
UT,PFOS,0.0,26.0,1011,0.5934718100890208,99.40652818991097
UT,PFPeA,0.0,14.0,1011,2.1760633036597428,97.82393669634025
UT,PFPeS,0.0,13.0,1011,0.19782393669634024,99.80217606330366
UT,PFTA,0.0,0.0,1016,0.0,100.0
UT,PFTrDA,0.0,0.0,1016,0.0,100.0
UT,PFUnA,0.0,0.0,1011,0.0,100.0
VA,11Cl-PF3OUDS,0.0,0.0,924,0.0,100.0
VA,4:2 FTS,0.0,0.0,924,0.0,100.0
VA,6:2 FTS,0.0,17.9,924,0.6493506493506493,99.35064935064935
VA,8:2 FTS,0.0,0.0,924,0.0,100.0
VA,9Cl-PF3ONS,0.0,0.0,924,0.0,100.0
VA,ADONA,0.0,0.0,924,0.0,100.0
VA,HFPO-DA,0.0,6.2,924,0.21645021645021645,99.78354978354979
VA,NETFOSAA,0.0,0.0,932,0.0,100.0
VA,NFDHA,0.0,0.0,924,0.0,100.0
VA,NMEFOSAA,0.0,0.0,932,0.0,100.0
VA,PFBA,0.0,27.099999999999998,924,5.411255411255411,94.58874458874459
VA,PFBS,0.0,18.8,924,6.70995670995671,93.29004329004329
VA,PFDA,0.0,0.0,924,0.0,100.0
VA,PFDoA,0.0,0.0,924,0.0,100.0
VA,PFEESA,0.0,0.0,924,0.0,100.0
VA,PFHpA,0.0,15.4,924,2.813852813852814,97.18614718614718
VA,PFHpS,0.0,0.0,924,0.0,100.0
VA,PFHxA,0.0,26.200000000000003,924,10.173160173160174,89.82683982683983
VA,PFHxS,0.0,7.5,924,2.922077922077922,97.07792207792208
VA,PFMBA,0.0,0.0,924,0.0,100.0
VA,PFMPA,0.0,0.0,924,0.0,100.0
VA,PFNA,0.0,5.0,924,0.21645021645021645,99.78354978354979
VA,PFOA,0.0,44.6,924,3.571428571428571,96.42857142857143
VA,PFOS,0.0,31.099999999999998,924,4.978354978354979,95.02164502164501
VA,PFPeA,0.0,46.6,924,11.688311688311687,88.31168831168831
VA,PFPeS,0.0,0.0,924,0.0,100.0
VA,PFTA,0.0,0.0,932,0.0,100.0
VA,PFTrDA,0.0,0.0,932,0.0,100.0
VA,PFUnA,0.0,0.0,924,0.0,100.0
VI,11Cl-PF3OUDS,0.0,0.0,9,0.0,100.0
VI,4:2 FTS,0.0,0.0,9,0.0,100.0
VI,6:2 FTS,0.0,0.0,9,0.0,100.0
VI,8:2 FTS,0.0,0.0,9,0.0,100.0
VI,9Cl-PF3ONS,0.0,0.0,9,0.0,100.0
VI,ADONA,0.0,0.0,9,0.0,100.0
VI,HFPO-DA,0.0,0.0,9,0.0,100.0
VI,NETFOSAA,0.0,0.0,9,0.0,100.0
VI,NFDHA,0.0,0.0,9,0.0,100.0
VI,NMEFOSAA,0.0,0.0,9,0.0,100.0
VI,PFBA,0.0,12.0,9,22.22222222222222,77.77777777777777
VI,PFBS,0.0,0.0,9,0.0,100.0
VI,PFDA,0.0,3.6,9,22.22222222222222,77.77777777777777
VI,PFDoA,0.0,0.0,9,0.0,100.0
VI,PFEESA,0.0,0.0,9,0.0,100.0
VI,PFHpA,0.0,0.0,9,0.0,100.0
VI,PFHpS,0.0,0.0,9,0.0,100.0
VI,PFHxA,0.0,3.7,9,11.11111111111111,88.88888888888889
VI,PFHxS,0.0,0.0,9,0.0,100.0
VI,PFMBA,0.0,0.0,9,0.0,100.0
VI,PFMPA,0.0,0.0,9,0.0,100.0
VI,PFNA,0.0,0.0,9,0.0,100.0
VI,PFOA,0.0,5.2,9,22.22222222222222,77.77777777777777
VI,PFOS,0.0,0.0,9,0.0,100.0
VI,PFPeA,0.0,0.0,9,0.0,100.0
VI,PFPeS,0.0,0.0,9,0.0,100.0
VI,PFTA,0.0,0.0,9,0.0,100.0
VI,PFTrDA,0.0,0.0,9,0.0,100.0
VI,PFUnA,0.0,0.0,9,0.0,100.0
VT,11Cl-PF3OUDS,0.0,0.0,130,0.0,100.0
VT,4:2 FTS,0.0,0.0,130,0.0,100.0
VT,6:2 FTS,0.0,0.0,130,0.0,100.0
VT,8:2 FTS,0.0,0.0,130,0.0,100.0
VT,9Cl-PF3ONS,0.0,0.0,130,0.0,100.0
VT,ADONA,0.0,0.0,130,0.0,100.0
VT,HFPO-DA,0.0,0.0,130,0.0,100.0
VT,NETFOSAA,0.0,0.0,129,0.0,100.0
VT,NFDHA,0.0,0.0,130,0.0,100.0
VT,NMEFOSAA,0.0,0.0,129,0.0,100.0
VT,PFBA,0.0,5.2,130,0.7692307692307693,99.23076923076923
VT,PFBS,0.0,3.0,130,0.7692307692307693,99.23076923076923
VT,PFDA,0.0,0.0,130,0.0,100.0
VT,PFDoA,0.0,0.0,130,0.0,100.0
VT,PFEESA,0.0,0.0,130,0.0,100.0
VT,PFHpA,0.0,0.0,130,0.0,100.0
VT,PFHpS,0.0,0.0,130,0.0,100.0
VT,PFHxA,0.0,0.0,130,0.0,100.0
VT,PFHxS,0.0,0.0,130,0.0,100.0
VT,PFMBA,0.0,0.0,130,0.0,100.0
VT,PFMPA,0.0,0.0,130,0.0,100.0
VT,PFNA,0.0,0.0,130,0.0,100.0
VT,PFOA,0.0,0.0,130,0.0,100.0
VT,PFOS,0.0,4.6,130,0.7692307692307693,99.23076923076923
VT,PFPeA,0.0,0.0,130,0.0,100.0
VT,PFPeS,0.0,0.0,130,0.0,100.0
VT,PFTA,0.0,0.0,129,0.0,100.0
VT,PFTrDA,0.0,0.0,129,0.0,100.0
VT,PFUnA,0.0,0.0,130,0.0,100.0
WA,11Cl-PF3OUDS,0.0,0.0,1792,0.0,100.0
WA,4:2 FTS,0.0,0.0,1792,0.0,100.0
WA,6:2 FTS,0.0,9.5,1792,0.055803571428571425,99.94419642857143
WA,8:2 FTS,0.0,0.0,1792,0.0,100.0
WA,9Cl-PF3ONS,0.0,0.0,1792,0.0,100.0
WA,ADONA,0.0,0.0,1792,0.0,100.0
WA,HFPO-DA,0.0,0.0,1792,0.0,100.0
WA,NETFOSAA,0.0,0.0,1788,0.0,100.0
WA,NFDHA,0.0,0.0,1792,0.0,100.0
WA,NMEFOSAA,0.0,0.0,1788,0.0,100.0
WA,PFBA,0.0,79.2,1792,0.9486607142857142,99.05133928571429
WA,PFBS,0.0,35.0,1792,7.142857142857142,92.85714285714286
WA,PFDA,0.0,0.0,1792,0.0,100.0
WA,PFDoA,0.0,0.0,1792,0.0,100.0
WA,PFEESA,0.0,0.0,1792,0.0,100.0
WA,PFHpA,0.0,5.8,1792,0.390625,99.609375
WA,PFHpS,0.0,0.0,1792,0.0,100.0
WA,PFHxA,0.0,48.0,1792,3.2924107142857144,96.70758928571429
WA,PFHxS,0.0,55.800000000000004,1792,4.296875,95.703125
WA,PFMBA,0.0,0.0,1792,0.0,100.0
WA,PFMPA,0.0,0.0,1792,0.0,100.0
WA,PFNA,0.0,4.3,1792,0.055803571428571425,99.94419642857143
WA,PFOA,0.0,11.5,1792,1.953125,98.046875
WA,PFOS,0.0,153.6,1792,4.631696428571429,95.36830357142857
WA,PFPeA,0.0,139.3,1792,3.90625,96.09375
WA,PFPeS,0.0,20.0,1792,0.5580357142857143,99.44196428571429
WA,PFTA,0.0,0.0,1788,0.0,100.0
WA,PFTrDA,0.0,0.0,1788,0.0,100.0
WA,PFUnA,0.0,0.0,1792,0.0,100.0
WI,11Cl-PF3OUDS,0.0,0.0,1217,0.0,100.0
WI,4:2 FTS,0.0,0.0,1217,0.0,100.0
WI,6:2 FTS,0.0,35.0,1217,0.4108463434675432,99.58915365653246
WI,8:2 FTS,0.0,0.0,1217,0.0,100.0
WI,9Cl-PF3ONS,0.0,0.0,1217,0.0,100.0
WI,ADONA,0.0,0.0,1217,0.0,100.0
WI,HFPO-DA,0.0,0.0,1217,0.0,100.0
WI,NETFOSAA,0.0,0.0,1217,0.0,100.0
WI,NFDHA,0.0,0.0,1217,0.0,100.0
WI,NMEFOSAA,0.0,0.0,1217,0.0,100.0
WI,PFBA,0.0,280.0,1217,4.7658175842235,95.2341824157765
WI,PFBS,0.0,29.0,1217,6.655710764174199,93.3442892358258
WI,PFDA,0.0,0.0,1217,0.0,100.0
WI,PFDoA,0.0,0.0,1217,0.0,100.0
WI,PFEESA,0.0,0.0,1217,0.0,100.0
WI,PFHpA,0.0,8.0,1217,1.0682004930156122,98.93179950698439
WI,PFHpS,0.0,0.0,1217,0.0,100.0
WI,PFHxA,0.0,40.0,1217,3.533278553820871,96.46672144617912
WI,PFHxS,0.0,73.0,1217,6.655710764174199,93.3442892358258
WI,PFMBA,0.0,0.0,1217,0.0,100.0
WI,PFMPA,0.0,0.0,1217,0.0,100.0
WI,PFNA,0.0,0.0,1217,0.0,100.0
WI,PFOA,0.0,21.0,1217,3.122432210353328,96.87756778964668
WI,PFOS,0.0,31.0,1217,2.38290879211175,97.61709120788825
WI,PFPeA,0.0,24.0,1217,4.519309778142974,95.48069022185703
WI,PFPeS,0.0,30.0,1217,0.5751848808545604,99.42481511914544
WI,PFTA,0.0,0.0,1217,0.0,100.0
WI,PFTrDA,0.0,0.0,1217,0.0,100.0
WI,PFUnA,0.0,0.0,1217,0.0,100.0
WV,11Cl-PF3OUDS,0.0,0.0,381,0.0,100.0
WV,4:2 FTS,0.0,0.0,381,0.0,100.0
WV,6:2 FTS,0.0,0.0,381,0.0,100.0
WV,8:2 FTS,0.0,0.0,381,0.0,100.0
WV,9Cl-PF3ONS,0.0,0.0,381,0.0,100.0
WV,ADONA,0.0,0.0,381,0.0,100.0
WV,HFPO-DA,0.0,8.0,381,0.26246719160104987,99.73753280839895
WV,NETFOSAA,0.0,0.0,381,0.0,100.0
WV,NFDHA,0.0,0.0,381,0.0,100.0
WV,NMEFOSAA,0.0,0.0,381,0.0,100.0
WV,PFBA,0.0,18.2,381,4.199475065616798,95.8005249343832
WV,PFBS,0.0,12.0,381,13.648293963254593,86.35170603674541
WV,PFDA,0.0,0.0,381,0.0,100.0
WV,PFDoA,0.0,0.0,381,0.0,100.0
WV,PFEESA,0.0,0.0,381,0.0,100.0
WV,PFHpA,0.0,4.4,381,1.3123359580052494,98.68766404199475
WV,PFHpS,0.0,0.0,381,0.0,100.0
WV,PFHxA,0.0,11.700000000000001,381,4.986876640419948,95.01312335958005
WV,PFHxS,0.0,84.1,381,7.874015748031496,92.1259842519685
WV,PFMBA,0.0,0.0,381,0.0,100.0
WV,PFMPA,0.0,0.0,381,0.0,100.0
WV,PFNA,0.0,8.7,381,0.26246719160104987,99.73753280839895
WV,PFOA,0.0,179.5,381,8.661417322834646,91.33858267716535
WV,PFOS,0.0,121.80000000000001,381,2.8871391076115485,97.11286089238845
WV,PFPeA,0.0,19.5,381,5.2493438320209975,94.750656167979
WV,PFPeS,0.0,6.7,381,0.26246719160104987,99.73753280839895
WV,PFTA,0.0,0.0,381,0.0,100.0
WV,PFTrDA,0.0,0.0,381,0.0,100.0
WV,PFUnA,0.0,0.0,381,0.0,100.0
WY,11Cl-PF3OUDS,0.0,0.0,154,0.0,100.0
WY,4:2 FTS,0.0,0.0,154,0.0,100.0
WY,6:2 FTS,0.0,0.0,154,0.0,100.0
WY,8:2 FTS,0.0,0.0,154,0.0,100.0
WY,9Cl-PF3ONS,0.0,0.0,154,0.0,100.0
WY,ADONA,0.0,0.0,154,0.0,100.0
WY,HFPO-DA,0.0,0.0,154,0.0,100.0
WY,NETFOSAA,0.0,0.0,155,0.0,100.0
WY,NFDHA,0.0,0.0,154,0.0,100.0
WY,NMEFOSAA,0.0,0.0,155,0.0,100.0
WY,PFBA,0.0,10.8,154,1.948051948051948,98.05194805194805
WY,PFBS,0.0,13.0,154,0.6493506493506493,99.35064935064935
WY,PFDA,0.0,0.0,154,0.0,100.0
WY,PFDoA,0.0,0.0,154,0.0,100.0
WY,PFEESA,0.0,0.0,154,0.0,100.0
WY,PFHpA,0.0,3.6,154,0.6493506493506493,99.35064935064935
WY,PFHpS,0.0,0.0,154,0.0,100.0
WY,PFHxA,0.0,28.0,154,0.6493506493506493,99.35064935064935
WY,PFHxS,0.0,37.0,154,1.2987012987012987,98.7012987012987
WY,PFMBA,0.0,0.0,154,0.0,100.0
WY,PFMPA,0.0,0.0,154,0.0,100.0
WY,PFNA,0.0,0.0,154,0.0,100.0
WY,PFOA,0.0,0.0,154,0.0,100.0
WY,PFOS,0.0,7.0,154,0.6493506493506493,99.35064935064935
WY,PFPeA,0.0,19.0,154,0.6493506493506493,99.35064935064935
WY,PFPeS,0.0,13.0,154,0.6493506493506493,99.35064935064935
WY,PFTA,0.0,0.0,155,0.0,100.0
WY,PFTrDA,0.0,0.0,155,0.0,100.0
WY,PFUnA,0.0,0.0,154,0.0,100.0
